2024-11-19 08:58:37 - HikariPool-1 - Thread starvation or clock leap detected (housekeeper delta=10h21m41s799ms536?s200ns).
2024-11-19 13:20:38 - Starting AmaddaBackApplication using Java 17.0.11 with PID 22148 (C:\Users\82103\AMADDA-PROJECT3\AMADDA-PROJECT-BACK\build\classes\java\main started by 82103 in C:\Users\82103\AMADDA-PROJECT3\AMADDA-PROJECT-BACK)
2024-11-19 13:20:38 - No active profile set, falling back to 1 default profile: "default"
2024-11-19 13:20:38 - The Class-Path manifest attribute in C:\Users\82103\.gradle\caches\modules-2\files-2.1\org.glassfish.jaxb\jaxb-core\2.3.0\b40bc6ae4bc14480204e143377ce6f75ebba5066\jaxb-core-2.3.0.jar referenced one or more files that do not exist: file:/C:/Users/82103/.gradle/caches/modules-2/files-2.1/org.glassfish.jaxb/jaxb-core/2.3.0/b40bc6ae4bc14480204e143377ce6f75ebba5066/jaxb-api-2.3.0.jar,file:/C:/Users/82103/.gradle/caches/modules-2/files-2.1/org.glassfish.jaxb/jaxb-core/2.3.0/b40bc6ae4bc14480204e143377ce6f75ebba5066/txw2-2.3.0.jar,file:/C:/Users/82103/.gradle/caches/modules-2/files-2.1/org.glassfish.jaxb/jaxb-core/2.3.0/b40bc6ae4bc14480204e143377ce6f75ebba5066/istack-commons-runtime-3.0.5.jar
2024-11-19 13:20:38 - Devtools property defaults active! Set 'spring.devtools.add-properties' to 'false' to disable
2024-11-19 13:20:38 - For additional web related logging consider setting the 'logging.level.web' property to 'DEBUG'
2024-11-19 13:20:45 - Bootstrapping Spring Data JPA repositories in DEFAULT mode.
2024-11-19 13:20:47 - Finished Spring Data repository scanning in 1557 ms. Found 21 JPA repository interfaces.
2024-11-19 13:20:50 - Tomcat initialized with port 7777 (http)
2024-11-19 13:20:51 - Starting service [Tomcat]
2024-11-19 13:20:51 - Starting Servlet engine: [Apache Tomcat/10.1.28]
2024-11-19 13:20:51 - Initializing Spring embedded WebApplicationContext
2024-11-19 13:20:51 - Root WebApplicationContext: initialization completed in 12637 ms
2024-11-19 13:20:52 - HHH000204: Processing PersistenceUnitInfo [name: default]
2024-11-19 13:20:53 - HHH000412: Hibernate ORM core version 6.4.10.Final
2024-11-19 13:20:53 - HHH000026: Second-level cache disabled
2024-11-19 13:20:54 - No LoadTimeWeaver setup: ignoring JPA class transformer
2024-11-19 13:20:54 - HikariPool-1 - Starting...
2024-11-19 13:20:55 - HikariPool-1 - Added connection com.mysql.cj.jdbc.ConnectionImpl@6ba6c62e
2024-11-19 13:20:55 - HikariPool-1 - Start completed.
2024-11-19 13:20:55 - HHH90000025: MySQLDialect does not need to be specified explicitly using 'hibernate.dialect' (remove the property setting and it will be selected by default)
2024-11-19 13:20:59 - HHH000489: No JTA platform available (set 'hibernate.transaction.jta.platform' to enable JTA platform integration)
2024-11-19 13:21:00 - GenerationTarget encountered exception accepting command : Error executing DDL "
    alter table post 
       modify column user_id varchar(255)" via JDBC [Referencing column 'user_id' and referenced column 'user_id' in foreign key constraint 'post_ibfk_2' are incompatible.]
org.hibernate.tool.schema.spi.CommandAcceptanceException: Error executing DDL "
    alter table post 
       modify column user_id varchar(255)" via JDBC [Referencing column 'user_id' and referenced column 'user_id' in foreign key constraint 'post_ibfk_2' are incompatible.]
	at org.hibernate.tool.schema.internal.exec.GenerationTargetToDatabase.accept(GenerationTargetToDatabase.java:94)
	at org.hibernate.tool.schema.internal.AbstractSchemaMigrator.applySqlString(AbstractSchemaMigrator.java:574)
	at org.hibernate.tool.schema.internal.AbstractSchemaMigrator.applySqlStrings(AbstractSchemaMigrator.java:514)
	at org.hibernate.tool.schema.internal.AbstractSchemaMigrator.migrateTable(AbstractSchemaMigrator.java:333)
	at org.hibernate.tool.schema.internal.GroupedSchemaMigratorImpl.performTablesMigration(GroupedSchemaMigratorImpl.java:84)
	at org.hibernate.tool.schema.internal.AbstractSchemaMigrator.performMigration(AbstractSchemaMigrator.java:232)
	at org.hibernate.tool.schema.internal.AbstractSchemaMigrator.doMigration(AbstractSchemaMigrator.java:117)
	at org.hibernate.tool.schema.spi.SchemaManagementToolCoordinator.performDatabaseAction(SchemaManagementToolCoordinator.java:280)
	at org.hibernate.tool.schema.spi.SchemaManagementToolCoordinator.lambda$process$5(SchemaManagementToolCoordinator.java:144)
	at java.base/java.util.HashMap.forEach(HashMap.java:1421)
	at org.hibernate.tool.schema.spi.SchemaManagementToolCoordinator.process(SchemaManagementToolCoordinator.java:141)
	at org.hibernate.boot.internal.SessionFactoryObserverForSchemaExport.sessionFactoryCreated(SessionFactoryObserverForSchemaExport.java:37)
	at org.hibernate.internal.SessionFactoryObserverChain.sessionFactoryCreated(SessionFactoryObserverChain.java:35)
	at org.hibernate.internal.SessionFactoryImpl.<init>(SessionFactoryImpl.java:315)
	at org.hibernate.boot.internal.SessionFactoryBuilderImpl.build(SessionFactoryBuilderImpl.java:450)
	at org.hibernate.jpa.boot.internal.EntityManagerFactoryBuilderImpl.build(EntityManagerFactoryBuilderImpl.java:1507)
	at org.springframework.orm.jpa.vendor.SpringHibernateJpaPersistenceProvider.createContainerEntityManagerFactory(SpringHibernateJpaPersistenceProvider.java:75)
	at org.springframework.orm.jpa.LocalContainerEntityManagerFactoryBean.createNativeEntityManagerFactory(LocalContainerEntityManagerFactoryBean.java:390)
	at org.springframework.orm.jpa.AbstractEntityManagerFactoryBean.buildNativeEntityManagerFactory(AbstractEntityManagerFactoryBean.java:409)
	at org.springframework.orm.jpa.AbstractEntityManagerFactoryBean.afterPropertiesSet(AbstractEntityManagerFactoryBean.java:396)
	at org.springframework.orm.jpa.LocalContainerEntityManagerFactoryBean.afterPropertiesSet(LocalContainerEntityManagerFactoryBean.java:366)
	at org.springframework.beans.factory.support.AbstractAutowireCapableBeanFactory.invokeInitMethods(AbstractAutowireCapableBeanFactory.java:1853)
	at org.springframework.beans.factory.support.AbstractAutowireCapableBeanFactory.initializeBean(AbstractAutowireCapableBeanFactory.java:1802)
	at org.springframework.beans.factory.support.AbstractAutowireCapableBeanFactory.doCreateBean(AbstractAutowireCapableBeanFactory.java:600)
	at org.springframework.beans.factory.support.AbstractAutowireCapableBeanFactory.createBean(AbstractAutowireCapableBeanFactory.java:522)
	at org.springframework.beans.factory.support.AbstractBeanFactory.lambda$doGetBean$0(AbstractBeanFactory.java:337)
	at org.springframework.beans.factory.support.DefaultSingletonBeanRegistry.getSingleton(DefaultSingletonBeanRegistry.java:234)
	at org.springframework.beans.factory.support.AbstractBeanFactory.doGetBean(AbstractBeanFactory.java:335)
	at org.springframework.beans.factory.support.AbstractBeanFactory.getBean(AbstractBeanFactory.java:205)
	at org.springframework.context.support.AbstractApplicationContext.finishBeanFactoryInitialization(AbstractApplicationContext.java:954)
	at org.springframework.context.support.AbstractApplicationContext.refresh(AbstractApplicationContext.java:625)
	at org.springframework.boot.web.servlet.context.ServletWebServerApplicationContext.refresh(ServletWebServerApplicationContext.java:146)
	at org.springframework.boot.SpringApplication.refresh(SpringApplication.java:754)
	at org.springframework.boot.SpringApplication.refreshContext(SpringApplication.java:456)
	at org.springframework.boot.SpringApplication.run(SpringApplication.java:335)
	at org.springframework.boot.SpringApplication.run(SpringApplication.java:1363)
	at org.springframework.boot.SpringApplication.run(SpringApplication.java:1352)
	at amadda_back.amadda_back.AmaddaBackApplication.main(AmaddaBackApplication.java:11)
	at java.base/jdk.internal.reflect.NativeMethodAccessorImpl.invoke0(Native Method)
	at java.base/jdk.internal.reflect.NativeMethodAccessorImpl.invoke(NativeMethodAccessorImpl.java:77)
	at java.base/jdk.internal.reflect.DelegatingMethodAccessorImpl.invoke(DelegatingMethodAccessorImpl.java:43)
	at java.base/java.lang.reflect.Method.invoke(Method.java:568)
	at org.springframework.boot.devtools.restart.RestartLauncher.run(RestartLauncher.java:50)
Caused by: java.sql.SQLException: Referencing column 'user_id' and referenced column 'user_id' in foreign key constraint 'post_ibfk_2' are incompatible.
	at com.mysql.cj.jdbc.exceptions.SQLError.createSQLException(SQLError.java:130)
	at com.mysql.cj.jdbc.exceptions.SQLExceptionsMapping.translateException(SQLExceptionsMapping.java:122)
	at com.mysql.cj.jdbc.StatementImpl.executeInternal(StatementImpl.java:770)
	at com.mysql.cj.jdbc.StatementImpl.execute(StatementImpl.java:653)
	at com.zaxxer.hikari.pool.ProxyStatement.execute(ProxyStatement.java:94)
	at com.zaxxer.hikari.pool.HikariProxyStatement.execute(HikariProxyStatement.java)
	at org.hibernate.tool.schema.internal.exec.GenerationTargetToDatabase.accept(GenerationTargetToDatabase.java:80)
	... 42 common frames omitted
2024-11-19 13:21:00 - Initialized JPA EntityManagerFactory for persistence unit 'default'
2024-11-19 13:21:02 - Hibernate is in classpath; If applicable, HQL parser will be used.
2024-11-19 13:21:07 - spring.jpa.open-in-view is enabled by default. Therefore, database queries may be performed during view rendering. Explicitly configure spring.jpa.open-in-view to disable this warning
2024-11-19 13:21:07 - 

Using generated security password: b3a2346e-82c8-4582-af15-24b4c18b36d5

This generated password is for development use only. Your security configuration must be updated before running your application in production.

2024-11-19 13:21:09 - Will secure any request with [org.springframework.security.web.session.DisableEncodeUrlFilter@3b93180f, org.springframework.security.web.context.request.async.WebAsyncManagerIntegrationFilter@56eea053, org.springframework.security.web.context.SecurityContextHolderFilter@3be816e8, org.springframework.security.web.header.HeaderWriterFilter@31a4c83b, org.springframework.web.filter.CorsFilter@74b7408, org.springframework.security.web.authentication.logout.LogoutFilter@cc66727, org.springframework.security.web.savedrequest.RequestCacheAwareFilter@6cb4dfb5, org.springframework.security.web.servletapi.SecurityContextHolderAwareRequestFilter@10bb07b, org.springframework.security.web.authentication.AnonymousAuthenticationFilter@4d1c5b6b, org.springframework.security.web.access.ExceptionTranslationFilter@4604583f, org.springframework.security.web.access.intercept.FilterSecurityInterceptor@61252b75]
2024-11-19 13:21:10 - Cannot find template location: classpath:/templates/ (please add some templates, check your Thymeleaf configuration, or set spring.thymeleaf.check-template-location=false)
2024-11-19 13:21:12 - LiveReload server is running on port 35729
2024-11-19 13:21:12 - Tomcat started on port 7777 (http) with context path ''
2024-11-19 13:21:12 - Started AmaddaBackApplication in 36.11 seconds (process running for 38.271)
2024-11-19 13:26:55 - Initializing Spring DispatcherServlet 'dispatcherServlet'
2024-11-19 13:26:55 - Initializing Servlet 'dispatcherServlet'
2024-11-19 13:26:55 - Completed initialization in 3 ms
2024-11-19 13:32:39 - Error parsing HTTP request header
java.io.EOFException: null
	at org.apache.tomcat.util.net.NioEndpoint$NioSocketWrapper.fillReadBuffer(NioEndpoint.java:1293)
	at org.apache.tomcat.util.net.NioEndpoint$NioSocketWrapper.read(NioEndpoint.java:1181)
	at org.apache.coyote.http11.Http11InputBuffer.fill(Http11InputBuffer.java:793)
	at org.apache.coyote.http11.Http11InputBuffer.parseRequestLine(Http11InputBuffer.java:348)
	at org.apache.coyote.http11.Http11Processor.service(Http11Processor.java:257)
	at org.apache.coyote.AbstractProcessorLight.process(AbstractProcessorLight.java:63)
	at org.apache.coyote.AbstractProtocol$ConnectionHandler.process(AbstractProtocol.java:904)
	at org.apache.tomcat.util.net.NioEndpoint$SocketProcessor.doRun(NioEndpoint.java:1741)
	at org.apache.tomcat.util.net.SocketProcessorBase.run(SocketProcessorBase.java:52)
	at org.apache.tomcat.util.threads.ThreadPoolExecutor.runWorker(ThreadPoolExecutor.java:1190)
	at org.apache.tomcat.util.threads.ThreadPoolExecutor$Worker.run(ThreadPoolExecutor.java:659)
	at org.apache.tomcat.util.threads.TaskThread$WrappingRunnable.run(TaskThread.java:63)
	at java.base/java.lang.Thread.run(Thread.java:842)
2024-11-19 13:32:39 - Error state [CLOSE_CONNECTION_NOW] reported while processing request
java.io.EOFException: null
	at org.apache.tomcat.util.net.NioEndpoint$NioSocketWrapper.fillReadBuffer(NioEndpoint.java:1293)
	at org.apache.tomcat.util.net.NioEndpoint$NioSocketWrapper.read(NioEndpoint.java:1181)
	at org.apache.coyote.http11.Http11InputBuffer.fill(Http11InputBuffer.java:793)
	at org.apache.coyote.http11.Http11InputBuffer.parseRequestLine(Http11InputBuffer.java:348)
	at org.apache.coyote.http11.Http11Processor.service(Http11Processor.java:257)
	at org.apache.coyote.AbstractProcessorLight.process(AbstractProcessorLight.java:63)
	at org.apache.coyote.AbstractProtocol$ConnectionHandler.process(AbstractProtocol.java:904)
	at org.apache.tomcat.util.net.NioEndpoint$SocketProcessor.doRun(NioEndpoint.java:1741)
	at org.apache.tomcat.util.net.SocketProcessorBase.run(SocketProcessorBase.java:52)
	at org.apache.tomcat.util.threads.ThreadPoolExecutor.runWorker(ThreadPoolExecutor.java:1190)
	at org.apache.tomcat.util.threads.ThreadPoolExecutor$Worker.run(ThreadPoolExecutor.java:659)
	at org.apache.tomcat.util.threads.TaskThread$WrappingRunnable.run(TaskThread.java:63)
	at java.base/java.lang.Thread.run(Thread.java:842)
2024-11-19 13:32:39 - Error parsing HTTP request header
java.io.EOFException: null
	at org.apache.tomcat.util.net.NioEndpoint$NioSocketWrapper.fillReadBuffer(NioEndpoint.java:1293)
	at org.apache.tomcat.util.net.NioEndpoint$NioSocketWrapper.read(NioEndpoint.java:1181)
	at org.apache.coyote.http11.Http11InputBuffer.fill(Http11InputBuffer.java:793)
	at org.apache.coyote.http11.Http11InputBuffer.parseRequestLine(Http11InputBuffer.java:348)
	at org.apache.coyote.http11.Http11Processor.service(Http11Processor.java:257)
	at org.apache.coyote.AbstractProcessorLight.process(AbstractProcessorLight.java:63)
	at org.apache.coyote.AbstractProtocol$ConnectionHandler.process(AbstractProtocol.java:904)
	at org.apache.tomcat.util.net.NioEndpoint$SocketProcessor.doRun(NioEndpoint.java:1741)
	at org.apache.tomcat.util.net.SocketProcessorBase.run(SocketProcessorBase.java:52)
	at org.apache.tomcat.util.threads.ThreadPoolExecutor.runWorker(ThreadPoolExecutor.java:1190)
	at org.apache.tomcat.util.threads.ThreadPoolExecutor$Worker.run(ThreadPoolExecutor.java:659)
	at org.apache.tomcat.util.threads.TaskThread$WrappingRunnable.run(TaskThread.java:63)
	at java.base/java.lang.Thread.run(Thread.java:842)
2024-11-19 13:32:39 - Error parsing HTTP request header
java.io.EOFException: null
	at org.apache.tomcat.util.net.NioEndpoint$NioSocketWrapper.fillReadBuffer(NioEndpoint.java:1293)
	at org.apache.tomcat.util.net.NioEndpoint$NioSocketWrapper.read(NioEndpoint.java:1181)
	at org.apache.coyote.http11.Http11InputBuffer.fill(Http11InputBuffer.java:793)
	at org.apache.coyote.http11.Http11InputBuffer.parseRequestLine(Http11InputBuffer.java:348)
	at org.apache.coyote.http11.Http11Processor.service(Http11Processor.java:257)
	at org.apache.coyote.AbstractProcessorLight.process(AbstractProcessorLight.java:63)
	at org.apache.coyote.AbstractProtocol$ConnectionHandler.process(AbstractProtocol.java:904)
	at org.apache.tomcat.util.net.NioEndpoint$SocketProcessor.doRun(NioEndpoint.java:1741)
	at org.apache.tomcat.util.net.SocketProcessorBase.run(SocketProcessorBase.java:52)
	at org.apache.tomcat.util.threads.ThreadPoolExecutor.runWorker(ThreadPoolExecutor.java:1190)
	at org.apache.tomcat.util.threads.ThreadPoolExecutor$Worker.run(ThreadPoolExecutor.java:659)
	at org.apache.tomcat.util.threads.TaskThread$WrappingRunnable.run(TaskThread.java:63)
	at java.base/java.lang.Thread.run(Thread.java:842)
2024-11-19 13:32:40 - Error state [CLOSE_CONNECTION_NOW] reported while processing request
java.io.EOFException: null
	at org.apache.tomcat.util.net.NioEndpoint$NioSocketWrapper.fillReadBuffer(NioEndpoint.java:1293)
	at org.apache.tomcat.util.net.NioEndpoint$NioSocketWrapper.read(NioEndpoint.java:1181)
	at org.apache.coyote.http11.Http11InputBuffer.fill(Http11InputBuffer.java:793)
	at org.apache.coyote.http11.Http11InputBuffer.parseRequestLine(Http11InputBuffer.java:348)
	at org.apache.coyote.http11.Http11Processor.service(Http11Processor.java:257)
	at org.apache.coyote.AbstractProcessorLight.process(AbstractProcessorLight.java:63)
	at org.apache.coyote.AbstractProtocol$ConnectionHandler.process(AbstractProtocol.java:904)
	at org.apache.tomcat.util.net.NioEndpoint$SocketProcessor.doRun(NioEndpoint.java:1741)
	at org.apache.tomcat.util.net.SocketProcessorBase.run(SocketProcessorBase.java:52)
	at org.apache.tomcat.util.threads.ThreadPoolExecutor.runWorker(ThreadPoolExecutor.java:1190)
	at org.apache.tomcat.util.threads.ThreadPoolExecutor$Worker.run(ThreadPoolExecutor.java:659)
	at org.apache.tomcat.util.threads.TaskThread$WrappingRunnable.run(TaskThread.java:63)
	at java.base/java.lang.Thread.run(Thread.java:842)
2024-11-19 13:32:40 - Error state [CLOSE_CONNECTION_NOW] reported while processing request
java.io.EOFException: null
	at org.apache.tomcat.util.net.NioEndpoint$NioSocketWrapper.fillReadBuffer(NioEndpoint.java:1293)
	at org.apache.tomcat.util.net.NioEndpoint$NioSocketWrapper.read(NioEndpoint.java:1181)
	at org.apache.coyote.http11.Http11InputBuffer.fill(Http11InputBuffer.java:793)
	at org.apache.coyote.http11.Http11InputBuffer.parseRequestLine(Http11InputBuffer.java:348)
	at org.apache.coyote.http11.Http11Processor.service(Http11Processor.java:257)
	at org.apache.coyote.AbstractProcessorLight.process(AbstractProcessorLight.java:63)
	at org.apache.coyote.AbstractProtocol$ConnectionHandler.process(AbstractProtocol.java:904)
	at org.apache.tomcat.util.net.NioEndpoint$SocketProcessor.doRun(NioEndpoint.java:1741)
	at org.apache.tomcat.util.net.SocketProcessorBase.run(SocketProcessorBase.java:52)
	at org.apache.tomcat.util.threads.ThreadPoolExecutor.runWorker(ThreadPoolExecutor.java:1190)
	at org.apache.tomcat.util.threads.ThreadPoolExecutor$Worker.run(ThreadPoolExecutor.java:659)
	at org.apache.tomcat.util.threads.TaskThread$WrappingRunnable.run(TaskThread.java:63)
	at java.base/java.lang.Thread.run(Thread.java:842)
2024-11-19 14:18:56 - Starting AmaddaBackApplication using Java 17.0.11 with PID 14200 (C:\Users\82103\AMADDA-PROJECT3\AMADDA-PROJECT-BACK\build\classes\java\main started by 82103 in C:\Users\82103\AMADDA-PROJECT3\AMADDA-PROJECT-BACK)
2024-11-19 14:18:56 - No active profile set, falling back to 1 default profile: "default"
2024-11-19 14:18:56 - The Class-Path manifest attribute in C:\Users\82103\.gradle\caches\modules-2\files-2.1\org.glassfish.jaxb\jaxb-core\2.3.0\b40bc6ae4bc14480204e143377ce6f75ebba5066\jaxb-core-2.3.0.jar referenced one or more files that do not exist: file:/C:/Users/82103/.gradle/caches/modules-2/files-2.1/org.glassfish.jaxb/jaxb-core/2.3.0/b40bc6ae4bc14480204e143377ce6f75ebba5066/jaxb-api-2.3.0.jar,file:/C:/Users/82103/.gradle/caches/modules-2/files-2.1/org.glassfish.jaxb/jaxb-core/2.3.0/b40bc6ae4bc14480204e143377ce6f75ebba5066/txw2-2.3.0.jar,file:/C:/Users/82103/.gradle/caches/modules-2/files-2.1/org.glassfish.jaxb/jaxb-core/2.3.0/b40bc6ae4bc14480204e143377ce6f75ebba5066/istack-commons-runtime-3.0.5.jar
2024-11-19 14:18:56 - Devtools property defaults active! Set 'spring.devtools.add-properties' to 'false' to disable
2024-11-19 14:18:56 - For additional web related logging consider setting the 'logging.level.web' property to 'DEBUG'
2024-11-19 14:19:06 - Bootstrapping Spring Data JPA repositories in DEFAULT mode.
2024-11-19 14:19:09 - Finished Spring Data repository scanning in 2814 ms. Found 21 JPA repository interfaces.
2024-11-19 14:19:14 - Tomcat initialized with port 7777 (http)
2024-11-19 14:19:15 - Starting service [Tomcat]
2024-11-19 14:19:15 - Starting Servlet engine: [Apache Tomcat/10.1.28]
2024-11-19 14:19:15 - Initializing Spring embedded WebApplicationContext
2024-11-19 14:19:15 - Root WebApplicationContext: initialization completed in 18928 ms
2024-11-19 14:19:18 - HHH000204: Processing PersistenceUnitInfo [name: default]
2024-11-19 14:19:19 - HHH000412: Hibernate ORM core version 6.4.10.Final
2024-11-19 14:19:19 - HHH000026: Second-level cache disabled
2024-11-19 14:19:21 - No LoadTimeWeaver setup: ignoring JPA class transformer
2024-11-19 14:19:21 - HikariPool-1 - Starting...
2024-11-19 14:19:22 - HikariPool-1 - Added connection com.mysql.cj.jdbc.ConnectionImpl@5902037a
2024-11-19 14:19:22 - HikariPool-1 - Start completed.
2024-11-19 14:19:22 - HHH90000025: MySQLDialect does not need to be specified explicitly using 'hibernate.dialect' (remove the property setting and it will be selected by default)
2024-11-19 14:19:29 - HHH000489: No JTA platform available (set 'hibernate.transaction.jta.platform' to enable JTA platform integration)
2024-11-19 14:19:30 - GenerationTarget encountered exception accepting command : Error executing DDL "
    alter table post 
       modify column user_id varchar(255)" via JDBC [Referencing column 'user_id' and referenced column 'user_id' in foreign key constraint 'post_ibfk_2' are incompatible.]
org.hibernate.tool.schema.spi.CommandAcceptanceException: Error executing DDL "
    alter table post 
       modify column user_id varchar(255)" via JDBC [Referencing column 'user_id' and referenced column 'user_id' in foreign key constraint 'post_ibfk_2' are incompatible.]
	at org.hibernate.tool.schema.internal.exec.GenerationTargetToDatabase.accept(GenerationTargetToDatabase.java:94)
	at org.hibernate.tool.schema.internal.AbstractSchemaMigrator.applySqlString(AbstractSchemaMigrator.java:574)
	at org.hibernate.tool.schema.internal.AbstractSchemaMigrator.applySqlStrings(AbstractSchemaMigrator.java:514)
	at org.hibernate.tool.schema.internal.AbstractSchemaMigrator.migrateTable(AbstractSchemaMigrator.java:333)
	at org.hibernate.tool.schema.internal.GroupedSchemaMigratorImpl.performTablesMigration(GroupedSchemaMigratorImpl.java:84)
	at org.hibernate.tool.schema.internal.AbstractSchemaMigrator.performMigration(AbstractSchemaMigrator.java:232)
	at org.hibernate.tool.schema.internal.AbstractSchemaMigrator.doMigration(AbstractSchemaMigrator.java:117)
	at org.hibernate.tool.schema.spi.SchemaManagementToolCoordinator.performDatabaseAction(SchemaManagementToolCoordinator.java:280)
	at org.hibernate.tool.schema.spi.SchemaManagementToolCoordinator.lambda$process$5(SchemaManagementToolCoordinator.java:144)
	at java.base/java.util.HashMap.forEach(HashMap.java:1421)
	at org.hibernate.tool.schema.spi.SchemaManagementToolCoordinator.process(SchemaManagementToolCoordinator.java:141)
	at org.hibernate.boot.internal.SessionFactoryObserverForSchemaExport.sessionFactoryCreated(SessionFactoryObserverForSchemaExport.java:37)
	at org.hibernate.internal.SessionFactoryObserverChain.sessionFactoryCreated(SessionFactoryObserverChain.java:35)
	at org.hibernate.internal.SessionFactoryImpl.<init>(SessionFactoryImpl.java:315)
	at org.hibernate.boot.internal.SessionFactoryBuilderImpl.build(SessionFactoryBuilderImpl.java:450)
	at org.hibernate.jpa.boot.internal.EntityManagerFactoryBuilderImpl.build(EntityManagerFactoryBuilderImpl.java:1507)
	at org.springframework.orm.jpa.vendor.SpringHibernateJpaPersistenceProvider.createContainerEntityManagerFactory(SpringHibernateJpaPersistenceProvider.java:75)
	at org.springframework.orm.jpa.LocalContainerEntityManagerFactoryBean.createNativeEntityManagerFactory(LocalContainerEntityManagerFactoryBean.java:390)
	at org.springframework.orm.jpa.AbstractEntityManagerFactoryBean.buildNativeEntityManagerFactory(AbstractEntityManagerFactoryBean.java:409)
	at org.springframework.orm.jpa.AbstractEntityManagerFactoryBean.afterPropertiesSet(AbstractEntityManagerFactoryBean.java:396)
	at org.springframework.orm.jpa.LocalContainerEntityManagerFactoryBean.afterPropertiesSet(LocalContainerEntityManagerFactoryBean.java:366)
	at org.springframework.beans.factory.support.AbstractAutowireCapableBeanFactory.invokeInitMethods(AbstractAutowireCapableBeanFactory.java:1853)
	at org.springframework.beans.factory.support.AbstractAutowireCapableBeanFactory.initializeBean(AbstractAutowireCapableBeanFactory.java:1802)
	at org.springframework.beans.factory.support.AbstractAutowireCapableBeanFactory.doCreateBean(AbstractAutowireCapableBeanFactory.java:600)
	at org.springframework.beans.factory.support.AbstractAutowireCapableBeanFactory.createBean(AbstractAutowireCapableBeanFactory.java:522)
	at org.springframework.beans.factory.support.AbstractBeanFactory.lambda$doGetBean$0(AbstractBeanFactory.java:337)
	at org.springframework.beans.factory.support.DefaultSingletonBeanRegistry.getSingleton(DefaultSingletonBeanRegistry.java:234)
	at org.springframework.beans.factory.support.AbstractBeanFactory.doGetBean(AbstractBeanFactory.java:335)
	at org.springframework.beans.factory.support.AbstractBeanFactory.getBean(AbstractBeanFactory.java:205)
	at org.springframework.context.support.AbstractApplicationContext.finishBeanFactoryInitialization(AbstractApplicationContext.java:954)
	at org.springframework.context.support.AbstractApplicationContext.refresh(AbstractApplicationContext.java:625)
	at org.springframework.boot.web.servlet.context.ServletWebServerApplicationContext.refresh(ServletWebServerApplicationContext.java:146)
	at org.springframework.boot.SpringApplication.refresh(SpringApplication.java:754)
	at org.springframework.boot.SpringApplication.refreshContext(SpringApplication.java:456)
	at org.springframework.boot.SpringApplication.run(SpringApplication.java:335)
	at org.springframework.boot.SpringApplication.run(SpringApplication.java:1363)
	at org.springframework.boot.SpringApplication.run(SpringApplication.java:1352)
	at amadda_back.amadda_back.AmaddaBackApplication.main(AmaddaBackApplication.java:11)
	at java.base/jdk.internal.reflect.NativeMethodAccessorImpl.invoke0(Native Method)
	at java.base/jdk.internal.reflect.NativeMethodAccessorImpl.invoke(NativeMethodAccessorImpl.java:77)
	at java.base/jdk.internal.reflect.DelegatingMethodAccessorImpl.invoke(DelegatingMethodAccessorImpl.java:43)
	at java.base/java.lang.reflect.Method.invoke(Method.java:568)
	at org.springframework.boot.devtools.restart.RestartLauncher.run(RestartLauncher.java:50)
Caused by: java.sql.SQLException: Referencing column 'user_id' and referenced column 'user_id' in foreign key constraint 'post_ibfk_2' are incompatible.
	at com.mysql.cj.jdbc.exceptions.SQLError.createSQLException(SQLError.java:130)
	at com.mysql.cj.jdbc.exceptions.SQLExceptionsMapping.translateException(SQLExceptionsMapping.java:122)
	at com.mysql.cj.jdbc.StatementImpl.executeInternal(StatementImpl.java:770)
	at com.mysql.cj.jdbc.StatementImpl.execute(StatementImpl.java:653)
	at com.zaxxer.hikari.pool.ProxyStatement.execute(ProxyStatement.java:94)
	at com.zaxxer.hikari.pool.HikariProxyStatement.execute(HikariProxyStatement.java)
	at org.hibernate.tool.schema.internal.exec.GenerationTargetToDatabase.accept(GenerationTargetToDatabase.java:80)
	... 42 common frames omitted
2024-11-19 14:19:30 - Initialized JPA EntityManagerFactory for persistence unit 'default'
2024-11-19 14:19:33 - Hibernate is in classpath; If applicable, HQL parser will be used.
2024-11-19 14:19:41 - spring.jpa.open-in-view is enabled by default. Therefore, database queries may be performed during view rendering. Explicitly configure spring.jpa.open-in-view to disable this warning
2024-11-19 14:19:41 - 

Using generated security password: 69163c6c-e412-4017-b1f5-294413ed329f

This generated password is for development use only. Your security configuration must be updated before running your application in production.

2024-11-19 14:19:43 - Will secure any request with [org.springframework.security.web.session.DisableEncodeUrlFilter@61252b75, org.springframework.security.web.context.request.async.WebAsyncManagerIntegrationFilter@29ebc2aa, org.springframework.security.web.context.SecurityContextHolderFilter@23a631c, org.springframework.security.web.header.HeaderWriterFilter@776ea201, org.springframework.web.filter.CorsFilter@239e2cbc, org.springframework.security.web.authentication.logout.LogoutFilter@3aa89171, org.springframework.security.web.savedrequest.RequestCacheAwareFilter@4604583f, org.springframework.security.web.servletapi.SecurityContextHolderAwareRequestFilter@437c905c, org.springframework.security.web.authentication.AnonymousAuthenticationFilter@441ad2e4, org.springframework.security.web.access.ExceptionTranslationFilter@642c48de, org.springframework.security.web.access.intercept.FilterSecurityInterceptor@4132d188]
2024-11-19 14:19:43 - Cannot find template location: classpath:/templates/ (please add some templates, check your Thymeleaf configuration, or set spring.thymeleaf.check-template-location=false)
2024-11-19 14:19:45 - LiveReload server is running on port 35729
2024-11-19 14:19:45 - Tomcat started on port 7777 (http) with context path ''
2024-11-19 14:19:45 - Started AmaddaBackApplication in 51.263 seconds (process running for 54.237)
2024-11-19 14:20:29 - Initializing Spring DispatcherServlet 'dispatcherServlet'
2024-11-19 14:20:29 - Initializing Servlet 'dispatcherServlet'
2024-11-19 14:20:29 - Completed initialization in 3 ms
2024-11-19 14:20:30 - Base64 encoded image (first 100 chars): /9j/4AAQSkZJRgABAQEA3ADcAAD/2wBDAAMCAgMCAgMDAwMEAwMEBQgFBQQEBQoHBwYIDAoMDAsKCwsNDhIQDQ4RDgsLEBYQERMU
2024-11-19 14:20:32 - OCR API Response: {"version":"V2","requestId":"1234","timestamp":1731993632217,"images":[{"uid":"7f15dba44fb0489a8468c498bfae0f72","name":"uploaded_image","inferResult":"SUCCESS","message":"SUCCESS","validationResult":{"result":"NO_REQUESTED"},"convertedImageInfo":{"width":785,"height":785,"pageIndex":0,"longImage":false},"fields":[{"valueType":"ALL","boundingPoly":{"vertices":[{"x":133.0,"y":137.0},{"x":354.0,"y":136.0},{"x":354.0,"y":167.0},{"x":133.0,"y":168.0}]},"inferText":"IC신용승인","inferConfidence":0.9997,"type":"NORMAL","lineBreak":false},{"valueType":"ALL","boundingPoly":{"vertices":[{"x":442.0,"y":130.0},{"x":578.0,"y":126.0},{"x":579.0,"y":155.0},{"x":443.0,"y":159.0}]},"inferText":"(고 객","inferConfidence":0.9983,"type":"NORMAL","lineBreak":false},{"valueType":"ALL","boundingPoly":{"vertices":[{"x":598.0,"y":125.0},{"x":664.0,"y":124.0},{"x":665.0,"y":153.0},{"x":599.0,"y":154.0}]},"inferText":"용)","inferConfidence":0.9997,"type":"NORMAL","lineBreak":true},{"valueType":"ALL","boundingPoly":{"vertices":[{"x":132.0,"y":163.0},{"x":206.0,"y":163.0},{"x":206.0,"y":191.0},{"x":132.0,"y":191.0}]},"inferText":"단말기","inferConfidence":1.0,"type":"NORMAL","lineBreak":false},{"valueType":"ALL","boundingPoly":{"vertices":[{"x":215.0,"y":171.0},{"x":223.0,"y":171.0},{"x":223.0,"y":182.0},{"x":215.0,"y":182.0}]},"inferText":":","inferConfidence":0.6108,"type":"NORMAL","lineBreak":false},{"valueType":"ALL","boundingPoly":{"vertices":[{"x":234.0,"y":165.0},{"x":350.0,"y":163.0},{"x":350.0,"y":184.0},{"x":235.0,"y":187.0}]},"inferText":"1A79798148","inferConfidence":0.999,"type":"NORMAL","lineBreak":false},{"valueType":"ALL","boundingPoly":{"vertices":[{"x":475.0,"y":155.0},{"x":590.0,"y":151.0},{"x":591.0,"y":179.0},{"x":476.0,"y":183.0}]},"inferText":"전표번호 :","inferConfidence":0.9324,"type":"NORMAL","lineBreak":false},{"valueType":"ALL","boundingPoly":{"vertices":[{"x":593.0,"y":152.0},{"x":670.0,"y":150.0},{"x":670.0,"y":172.0},{"x":593.0,"y":174.0}]},"inferText":"020298","inferConfidence":0.9998,"type":"NORMAL","lineBreak":true},{"valueType":"ALL","boundingPoly":{"vertices":[{"x":134.0,"y":189.0},{"x":207.0,"y":189.0},{"x":207.0,"y":217.0},{"x":134.0,"y":217.0}]},"inferText":"가맹점","inferConfidence":0.9998,"type":"NORMAL","lineBreak":false},{"valueType":"ALL","boundingPoly":{"vertices":[{"x":214.0,"y":193.0},{"x":226.0,"y":193.0},{"x":226.0,"y":207.0},{"x":214.0,"y":207.0}]},"inferText":":","inferConfidence":0.9995,"type":"NORMAL","lineBreak":false},{"valueType":"ALL","boundingPoly":{"vertices":[{"x":235.0,"y":187.0},{"x":326.0,"y":185.0},{"x":327.0,"y":214.0},{"x":236.0,"y":216.0}]},"inferText":"김태준의","inferConfidence":0.9998,"type":"NORMAL","lineBreak":false},{"valueType":"ALL","boundingPoly":{"vertices":[{"x":332.0,"y":184.0},{"x":403.0,"y":182.0},{"x":404.0,"y":211.0},{"x":332.0,"y":213.0}]},"inferText":"탕탕집","inferConfidence":0.9998,"type":"NORMAL","lineBreak":true},{"valueType":"ALL","boundingPoly":{"vertices":[{"x":137.0,"y":212.0},{"x":165.0,"y":212.0},{"x":165.0,"y":240.0},{"x":137.0,"y":240.0}]},"inferText":"주","inferConfidence":0.9997,"type":"NORMAL","lineBreak":false},{"valueType":"ALL","boundingPoly":{"vertices":[{"x":182.0,"y":214.0},{"x":207.0,"y":214.0},{"x":207.0,"y":240.0},{"x":182.0,"y":240.0}]},"inferText":"소","inferConfidence":1.0,"type":"NORMAL","lineBreak":false},{"valueType":"ALL","boundingPoly":{"vertices":[{"x":214.0,"y":218.0},{"x":226.0,"y":218.0},{"x":226.0,"y":234.0},{"x":214.0,"y":234.0}]},"inferText":":","inferConfidence":0.9979,"type":"NORMAL","lineBreak":false},{"valueType":"ALL","boundingPoly":{"vertices":[{"x":236.0,"y":212.0},{"x":285.0,"y":212.0},{"x":285.0,"y":240.0},{"x":236.0,"y":240.0}]},"inferText":"서울","inferConfidence":0.9995,"type":"NORMAL","lineBreak":false},{"valueType":"ALL","boundingPoly":{"vertices":[{"x":289.0,"y":210.0},{"x":361.0,"y":208.0},{"x":362.0,"y":237.0},{"x":290.0,"y":239.0}]},"inferText":"강남구","inferConfidence":1.0,"type":"NORMAL","lineBreak":false},{"valueType":"ALL","boundingPoly":{"vertices":[{"x":365.0,"y":208.0},{"x":470.0,"y":204.0},{"x":471.0,"y":231.0},{"x":366.0,"y":235.0}]},"inferText":"학동로4길","inferConfidence":0.9998,"type":"NORMAL","lineBreak":false},{"valueType":"ALL","boundingPoly":{"vertices":[{"x":477.0,"y":206.0},{"x":508.0,"y":206.0},{"x":508.0,"y":225.0},{"x":477.0,"y":225.0}]},"inferText":"12.","inferConfidence":0.9973,"type":"NORMAL","lineBreak":false},{"valueType":"ALL","boundingPoly":{"vertices":[{"x":519.0,"y":202.0},{"x":670.0,"y":196.0},{"x":671.0,"y":225.0},{"x":520.0,"y":230.0}]},"inferText":"1,2층(논현동)","inferConfidence":0.9862,"type":"NORMAL","lineBreak":true},{"valueType":"ALL","boundingPoly":{"vertices":[{"x":137.0,"y":238.0},{"x":210.0,"y":238.0},{"x":210.0,"y":266.0},{"x":137.0,"y":266.0}]},"inferText":"대표자","inferConfidence":1.0,"type":"NORMAL","lineBreak":false},{"valueType":"ALL","boundingPoly":{"vertices":[{"x":216.0,"y":244.0},{"x":226.0,"y":244.0},{"x":226.0,"y":257.0},{"x":216.0,"y":257.0}]},"inferText":":","inferConfidence":0.9989,"type":"NORMAL","lineBreak":false},{"valueType":"ALL","boundingPoly":{"vertices":[{"x":237.0,"y":236.0},{"x":307.0,"y":235.0},{"x":307.0,"y":263.0},{"x":237.0,"y":265.0}]},"inferText":"김태준","inferConfidence":1.0,"type":"NORMAL","lineBreak":true},{"valueType":"ALL","boundingPoly":{"vertices":[{"x":138.0,"y":263.0},{"x":229.0,"y":263.0},{"x":229.0,"y":289.0},{"x":138.0,"y":289.0}]},"inferText":"사업자 :","inferConfidence":0.9255,"type":"NORMAL","lineBreak":false},{"valueType":"ALL","boundingPoly":{"vertices":[{"x":235.0,"y":262.0},{"x":373.0,"y":258.0},{"x":374.0,"y":280.0},{"x":236.0,"y":285.0}]},"inferText":"536-37-00183","inferConfidence":0.9995,"type":"NORMAL","lineBreak":false},{"valueType":"ALL","boundingPoly":{"vertices":[{"x":479.0,"y":254.0},{"x":537.0,"y":257.0},{"x":536.0,"y":276.0},{"x":478.0,"y":273.0}]},"inferText":"TEL:","inferConfidence":0.907,"type":"NORMAL","lineBreak":false},{"valueType":"ALL","boundingPoly":{"vertices":[{"x":542.0,"y":252.0},{"x":673.0,"y":248.0},{"x":673.0,"y":270.0},{"x":543.0,"y":273.0}]},"inferText":"02-511-3235","inferConfidence":0.9996,"type":"NORMAL","lineBreak":true},{"valueType":"ALL","boundingPoly":{"vertices":[{"x":146.0,"y":313.0},{"x":185.0,"y":313.0},{"x":185.0,"y":339.0},{"x":146.0,"y":339.0}]},"inferText":"금","inferConfidence":0.9992,"type":"NORMAL","lineBreak":false},{"valueType":"ALL","boundingPoly":{"vertices":[{"x":232.0,"y":308.0},{"x":272.0,"y":308.0},{"x":272.0,"y":336.0},{"x":232.0,"y":336.0}]},"inferText":"액","inferConfidence":1.0,"type":"NORMAL","lineBreak":false},{"valueType":"ALL","boundingPoly":{"vertices":[{"x":489.0,"y":302.0},{"x":607.0,"y":299.0},{"x":608.0,"y":323.0},{"x":489.0,"y":327.0}]},"inferText":"6,818","inferConfidence":0.9944,"type":"NORMAL","lineBreak":false},{"valueType":"ALL","boundingPoly":{"vertices":[{"x":628.0,"y":296.0},{"x":671.0,"y":296.0},{"x":671.0,"y":326.0},{"x":628.0,"y":326.0}]},"inferText":"원","inferConfidence":0.9998,"type":"NORMAL","lineBreak":true},{"valueType":"ALL","boundingPoly":{"vertices":[{"x":145.0,"y":333.0},{"x":273.0,"y":333.0},{"x":273.0,"y":363.0},{"x":145.0,"y":363.0}]},"inferText":"부가세","inferConfidence":0.9998,"type":"NORMAL","lineBreak":false},{"valueType":"ALL","boundingPoly":{"vertices":[{"x":530.0,"y":327.0},{"x":609.0,"y":323.0},{"x":610.0,"y":348.0},{"x":531.0,"y":352.0}]},"inferText":"682","inferConfidence":1.0,"type":"NORMAL","lineBreak":false},{"valueType":"ALL","boundingPoly":{"vertices":[{"x":629.0,"y":321.0},{"x":672.0,"y":321.0},{"x":672.0,"y":351.0},{"x":629.0,"y":351.0}]},"inferText":"원","inferConfidence":0.9999,"type":"NORMAL","lineBreak":true},{"valueType":"ALL","boundingPoly":{"vertices":[{"x":146.0,"y":360.0},{"x":189.0,"y":360.0},{"x":189.0,"y":389.0},{"x":146.0,"y":389.0}]},"inferText":"합","inferConfidence":0.9996,"type":"NORMAL","lineBreak":false},{"valueType":"ALL","boundingPoly":{"vertices":[{"x":232.0,"y":357.0},{"x":273.0,"y":357.0},{"x":273.0,"y":385.0},{"x":232.0,"y":385.0}]},"inferText":"계","inferConfidence":1.0,"type":"NORMAL","lineBreak":false},{"valueType":"ALL","boundingPoly":{"vertices":[{"x":490.0,"y":352.0},{"x":610.0,"y":348.0},{"x":610.0,"y":374.0},{"x":491.0,"y":377.0}]},"inferText":"7,500","inferConfidence":0.9948,"type":"NORMAL","lineBreak":false},{"valueType":"ALL","boundingPoly":{"vertices":[{"x":629.0,"y":346.0},{"x":672.0,"y":346.0},{"x":672.0,"y":375.0},{"x":629.0,"y":375.0}]},"inferText":"원","inferConfidence":0.9999,"type":"NORMAL","lineBreak":true},{"valueType":"ALL","boundingPoly":{"vertices":[{"x":144.0,"y":407.0},{"x":384.0,"y":402.0},{"x":384.0,"y":431.0},{"x":144.0,"y":435.0}]},"inferText":"IBK비씨카드","inferConfidence":0.9994,"type":"NORMAL","lineBreak":true},{"valueType":"ALL","boundingPoly":{"vertices":[{"x":144.0,"y":433.0},{"x":237.0,"y":430.0},{"x":237.0,"y":457.0},{"x":145.0,"y":460.0}]},"inferText":"카드번호","inferConfidence":0.9998,"type":"NORMAL","lineBreak":false},{"valueType":"ALL","boundingPoly":{"vertices":[{"x":244.0,"y":437.0},{"x":253.0,"y":437.0},{"x":253.0,"y":450.0},{"x":244.0,"y":450.0}]},"inferText":":","inferConfidence":0.9946,"type":"NORMAL","lineBreak":false},{"valueType":"ALL","boundingPoly":{"vertices":[{"x":261.0,"y":430.0},{"x":508.0,"y":427.0},{"x":508.0,"y":448.0},{"x":262.0,"y":451.0}]},"inferText":"6250-03**-****-4903(C)","inferConfidence":0.9977,"type":"NORMAL","lineBreak":false},{"valueType":"ALL","boundingPoly":{"vertices":[{"x":607.0,"y":421.0},{"x":677.0,"y":420.0},{"x":677.0,"y":448.0},{"x":607.0,"y":450.0}]},"inferText":"일시불","inferConfidence":1.0,"type":"NORMAL","lineBreak":true},{"valueType":"ALL","boundingPoly":{"vertices":[{"x":145.0,"y":457.0},{"x":237.0,"y":455.0},{"x":237.0,"y":483.0},{"x":145.0,"y":484.0}]},"inferText":"거래일시","inferConfidence":0.9999,"type":"NORMAL","lineBreak":false},{"valueType":"ALL","boundingPoly":{"vertices":[{"x":244.0,"y":461.0},{"x":254.0,"y":461.0},{"x":254.0,"y":474.0},{"x":244.0,"y":474.0}]},"inferText":":","inferConfidence":0.9997,"type":"NORMAL","lineBreak":false},{"valueType":"ALL","boundingPoly":{"vertices":[{"x":261.0,"y":455.0},{"x":379.0,"y":452.0},{"x":380.0,"y":476.0},{"x":262.0,"y":478.0}]},"inferText":"2018/01/30","inferConfidence":0.9998,"type":"NORMAL","lineBreak":false},{"valueType":"ALL","boundingPoly":{"vertices":[{"x":385.0,"y":453.0},{"x":451.0,"y":453.0},{"x":451.0,"y":473.0},{"x":385.0,"y":473.0}]},"inferText":"12:46:","inferConfidence":0.9911,"type":"NORMAL","lineBreak":false},{"valueType":"ALL","boundingPoly":{"vertices":[{"x":449.0,"y":451.0},{"x":479.0,"y":451.0},{"x":479.0,"y":473.0},{"x":449.0,"y":473.0}]},"inferText":"24","inferConfidence":1.0,"type":"NORMAL","lineBreak":true},{"valueType":"ALL","boundingPoly":{"vertices":[{"x":147.0,"y":482.0},{"x":257.0,"y":479.0},{"x":258.0,"y":506.0},{"x":147.0,"y":509.0}]},"inferText":"승인번호 :","inferConfidence":0.9449,"type":"NORMAL","lineBreak":false},{"valueType":"ALL","boundingPoly":{"vertices":[{"x":265.0,"y":479.0},{"x":445.0,"y":476.0},{"x":445.0,"y":502.0},{"x":265.0,"y":505.0}]},"inferText":"72110079","inferConfidence":0.9998,"type":"NORMAL","lineBreak":true},{"valueType":"ALL","boundingPoly":{"vertices":[{"x":147.0,"y":506.0},{"x":215.0,"y":506.0},{"x":215.0,"y":532.0},{"x":147.0,"y":532.0}]},"inferText":"매입:","inferConfidence":0.8911,"type":"NORMAL","lineBreak":false},{"valueType":"ALL","boundingPoly":{"vertices":[{"x":223.0,"y":504.0},{"x":335.0,"y":502.0},{"x":335.0,"y":530.0},{"x":223.0,"y":532.0}]},"inferText":"비씨카드사","inferConfidence":0.9999,"type":"NORMAL","lineBreak":false},{"valueType":"ALL","boundingPoly":{"vertices":[{"x":397.0,"y":501.0},{"x":468.0,"y":501.0},{"x":468.0,"y":528.0},{"x":397.0,"y":528.0}]},"inferText":"가맹:","inferConfidence":0.8521,"type":"NORMAL","lineBreak":false},{"valueType":"ALL","boundingPoly":{"vertices":[{"x":473.0,"y":501.0},{"x":580.0,"y":498.0},{"x":581.0,"y":520.0},{"x":474.0,"y":522.0}]},"inferText":"798606607","inferConfidence":0.9999,"type":"NORMAL","lineBreak":true},{"valueType":"ALL","boundingPoly":{"vertices":[{"x":147.0,"y":531.0},{"x":217.0,"y":531.0},{"x":217.0,"y":557.0},{"x":147.0,"y":557.0}]},"inferText":"알림:","inferConfidence":0.8442,"type":"NORMAL","lineBreak":false},{"valueType":"ALL","boundingPoly":{"vertices":[{"x":219.0,"y":528.0},{"x":325.0,"y":528.0},{"x":325.0,"y":555.0},{"x":219.0,"y":555.0}]},"inferText":"EDC매출표","inferConfidence":0.9999,"type":"NORMAL","lineBreak":true},{"valueType":"ALL","boundingPoly":{"vertices":[{"x":149.0,"y":555.0},{"x":217.0,"y":555.0},{"x":217.0,"y":580.0},{"x":149.0,"y":580.0}]},"inferText":"문의:","inferConfidence":0.8391,"type":"NORMAL","lineBreak":false},{"valueType":"ALL","boundingPoly":{"vertices":[{"x":222.0,"y":554.0},{"x":271.0,"y":554.0},{"x":271.0,"y":578.0},{"x":222.0,"y":578.0}]},"inferText":"TEL)","inferConfidence":0.9998,"type":"NORMAL","lineBreak":false},{"valueType":"ALL","boundingPoly":{"vertices":[{"x":268.0,"y":553.0},{"x":371.0,"y":553.0},{"x":371.0,"y":575.0},{"x":268.0,"y":575.0}]},"inferText":"1544-4700","inferConfidence":0.9999,"type":"NORMAL","lineBreak":true},{"valueType":"ALL","boundingPoly":{"vertices":[{"x":336.0,"y":607.0},{"x":348.0,"y":607.0},{"x":348.0,"y":617.0},{"x":336.0,"y":617.0}]},"inferText":"*","inferConfidence":0.9997,"type":"NORMAL","lineBreak":false},{"valueType":"ALL","boundingPoly":{"vertices":[{"x":355.0,"y":600.0},{"x":471.0,"y":598.0},{"x":471.0,"y":627.0},{"x":355.0,"y":629.0}]},"inferText":"감사합니다","inferConfidence":1.0,"type":"NORMAL","lineBreak":false},{"valueType":"ALL","boundingPoly":{"vertices":[{"x":479.0,"y":606.0},{"x":491.0,"y":606.0},{"x":491.0,"y":616.0},{"x":479.0,"y":616.0}]},"inferText":"*","inferConfidence":0.9997,"type":"NORMAL","lineBreak":true},{"valueType":"ALL","boundingPoly":{"vertices":[{"x":247.0,"y":626.0},{"x":573.0,"y":623.0},{"x":573.0,"y":646.0},{"x":247.0,"y":649.0}]},"inferText":"N617021027/2.05/20170215/0510","inferConfidence":0.9875,"type":"NORMAL","lineBreak":true}]}]}
2024-11-19 14:20:32 - OCR Result: {"version":"V2","requestId":"1234","timestamp":1731993632217,"images":[{"uid":"7f15dba44fb0489a8468c498bfae0f72","name":"uploaded_image","inferResult":"SUCCESS","message":"SUCCESS","validationResult":{"result":"NO_REQUESTED"},"convertedImageInfo":{"width":785,"height":785,"pageIndex":0,"longImage":false},"fields":[{"valueType":"ALL","boundingPoly":{"vertices":[{"x":133.0,"y":137.0},{"x":354.0,"y":136.0},{"x":354.0,"y":167.0},{"x":133.0,"y":168.0}]},"inferText":"IC신용승인","inferConfidence":0.9997,"type":"NORMAL","lineBreak":false},{"valueType":"ALL","boundingPoly":{"vertices":[{"x":442.0,"y":130.0},{"x":578.0,"y":126.0},{"x":579.0,"y":155.0},{"x":443.0,"y":159.0}]},"inferText":"(고 객","inferConfidence":0.9983,"type":"NORMAL","lineBreak":false},{"valueType":"ALL","boundingPoly":{"vertices":[{"x":598.0,"y":125.0},{"x":664.0,"y":124.0},{"x":665.0,"y":153.0},{"x":599.0,"y":154.0}]},"inferText":"용)","inferConfidence":0.9997,"type":"NORMAL","lineBreak":true},{"valueType":"ALL","boundingPoly":{"vertices":[{"x":132.0,"y":163.0},{"x":206.0,"y":163.0},{"x":206.0,"y":191.0},{"x":132.0,"y":191.0}]},"inferText":"단말기","inferConfidence":1.0,"type":"NORMAL","lineBreak":false},{"valueType":"ALL","boundingPoly":{"vertices":[{"x":215.0,"y":171.0},{"x":223.0,"y":171.0},{"x":223.0,"y":182.0},{"x":215.0,"y":182.0}]},"inferText":":","inferConfidence":0.6108,"type":"NORMAL","lineBreak":false},{"valueType":"ALL","boundingPoly":{"vertices":[{"x":234.0,"y":165.0},{"x":350.0,"y":163.0},{"x":350.0,"y":184.0},{"x":235.0,"y":187.0}]},"inferText":"1A79798148","inferConfidence":0.999,"type":"NORMAL","lineBreak":false},{"valueType":"ALL","boundingPoly":{"vertices":[{"x":475.0,"y":155.0},{"x":590.0,"y":151.0},{"x":591.0,"y":179.0},{"x":476.0,"y":183.0}]},"inferText":"전표번호 :","inferConfidence":0.9324,"type":"NORMAL","lineBreak":false},{"valueType":"ALL","boundingPoly":{"vertices":[{"x":593.0,"y":152.0},{"x":670.0,"y":150.0},{"x":670.0,"y":172.0},{"x":593.0,"y":174.0}]},"inferText":"020298","inferConfidence":0.9998,"type":"NORMAL","lineBreak":true},{"valueType":"ALL","boundingPoly":{"vertices":[{"x":134.0,"y":189.0},{"x":207.0,"y":189.0},{"x":207.0,"y":217.0},{"x":134.0,"y":217.0}]},"inferText":"가맹점","inferConfidence":0.9998,"type":"NORMAL","lineBreak":false},{"valueType":"ALL","boundingPoly":{"vertices":[{"x":214.0,"y":193.0},{"x":226.0,"y":193.0},{"x":226.0,"y":207.0},{"x":214.0,"y":207.0}]},"inferText":":","inferConfidence":0.9995,"type":"NORMAL","lineBreak":false},{"valueType":"ALL","boundingPoly":{"vertices":[{"x":235.0,"y":187.0},{"x":326.0,"y":185.0},{"x":327.0,"y":214.0},{"x":236.0,"y":216.0}]},"inferText":"김태준의","inferConfidence":0.9998,"type":"NORMAL","lineBreak":false},{"valueType":"ALL","boundingPoly":{"vertices":[{"x":332.0,"y":184.0},{"x":403.0,"y":182.0},{"x":404.0,"y":211.0},{"x":332.0,"y":213.0}]},"inferText":"탕탕집","inferConfidence":0.9998,"type":"NORMAL","lineBreak":true},{"valueType":"ALL","boundingPoly":{"vertices":[{"x":137.0,"y":212.0},{"x":165.0,"y":212.0},{"x":165.0,"y":240.0},{"x":137.0,"y":240.0}]},"inferText":"주","inferConfidence":0.9997,"type":"NORMAL","lineBreak":false},{"valueType":"ALL","boundingPoly":{"vertices":[{"x":182.0,"y":214.0},{"x":207.0,"y":214.0},{"x":207.0,"y":240.0},{"x":182.0,"y":240.0}]},"inferText":"소","inferConfidence":1.0,"type":"NORMAL","lineBreak":false},{"valueType":"ALL","boundingPoly":{"vertices":[{"x":214.0,"y":218.0},{"x":226.0,"y":218.0},{"x":226.0,"y":234.0},{"x":214.0,"y":234.0}]},"inferText":":","inferConfidence":0.9979,"type":"NORMAL","lineBreak":false},{"valueType":"ALL","boundingPoly":{"vertices":[{"x":236.0,"y":212.0},{"x":285.0,"y":212.0},{"x":285.0,"y":240.0},{"x":236.0,"y":240.0}]},"inferText":"서울","inferConfidence":0.9995,"type":"NORMAL","lineBreak":false},{"valueType":"ALL","boundingPoly":{"vertices":[{"x":289.0,"y":210.0},{"x":361.0,"y":208.0},{"x":362.0,"y":237.0},{"x":290.0,"y":239.0}]},"inferText":"강남구","inferConfidence":1.0,"type":"NORMAL","lineBreak":false},{"valueType":"ALL","boundingPoly":{"vertices":[{"x":365.0,"y":208.0},{"x":470.0,"y":204.0},{"x":471.0,"y":231.0},{"x":366.0,"y":235.0}]},"inferText":"학동로4길","inferConfidence":0.9998,"type":"NORMAL","lineBreak":false},{"valueType":"ALL","boundingPoly":{"vertices":[{"x":477.0,"y":206.0},{"x":508.0,"y":206.0},{"x":508.0,"y":225.0},{"x":477.0,"y":225.0}]},"inferText":"12.","inferConfidence":0.9973,"type":"NORMAL","lineBreak":false},{"valueType":"ALL","boundingPoly":{"vertices":[{"x":519.0,"y":202.0},{"x":670.0,"y":196.0},{"x":671.0,"y":225.0},{"x":520.0,"y":230.0}]},"inferText":"1,2층(논현동)","inferConfidence":0.9862,"type":"NORMAL","lineBreak":true},{"valueType":"ALL","boundingPoly":{"vertices":[{"x":137.0,"y":238.0},{"x":210.0,"y":238.0},{"x":210.0,"y":266.0},{"x":137.0,"y":266.0}]},"inferText":"대표자","inferConfidence":1.0,"type":"NORMAL","lineBreak":false},{"valueType":"ALL","boundingPoly":{"vertices":[{"x":216.0,"y":244.0},{"x":226.0,"y":244.0},{"x":226.0,"y":257.0},{"x":216.0,"y":257.0}]},"inferText":":","inferConfidence":0.9989,"type":"NORMAL","lineBreak":false},{"valueType":"ALL","boundingPoly":{"vertices":[{"x":237.0,"y":236.0},{"x":307.0,"y":235.0},{"x":307.0,"y":263.0},{"x":237.0,"y":265.0}]},"inferText":"김태준","inferConfidence":1.0,"type":"NORMAL","lineBreak":true},{"valueType":"ALL","boundingPoly":{"vertices":[{"x":138.0,"y":263.0},{"x":229.0,"y":263.0},{"x":229.0,"y":289.0},{"x":138.0,"y":289.0}]},"inferText":"사업자 :","inferConfidence":0.9255,"type":"NORMAL","lineBreak":false},{"valueType":"ALL","boundingPoly":{"vertices":[{"x":235.0,"y":262.0},{"x":373.0,"y":258.0},{"x":374.0,"y":280.0},{"x":236.0,"y":285.0}]},"inferText":"536-37-00183","inferConfidence":0.9995,"type":"NORMAL","lineBreak":false},{"valueType":"ALL","boundingPoly":{"vertices":[{"x":479.0,"y":254.0},{"x":537.0,"y":257.0},{"x":536.0,"y":276.0},{"x":478.0,"y":273.0}]},"inferText":"TEL:","inferConfidence":0.907,"type":"NORMAL","lineBreak":false},{"valueType":"ALL","boundingPoly":{"vertices":[{"x":542.0,"y":252.0},{"x":673.0,"y":248.0},{"x":673.0,"y":270.0},{"x":543.0,"y":273.0}]},"inferText":"02-511-3235","inferConfidence":0.9996,"type":"NORMAL","lineBreak":true},{"valueType":"ALL","boundingPoly":{"vertices":[{"x":146.0,"y":313.0},{"x":185.0,"y":313.0},{"x":185.0,"y":339.0},{"x":146.0,"y":339.0}]},"inferText":"금","inferConfidence":0.9992,"type":"NORMAL","lineBreak":false},{"valueType":"ALL","boundingPoly":{"vertices":[{"x":232.0,"y":308.0},{"x":272.0,"y":308.0},{"x":272.0,"y":336.0},{"x":232.0,"y":336.0}]},"inferText":"액","inferConfidence":1.0,"type":"NORMAL","lineBreak":false},{"valueType":"ALL","boundingPoly":{"vertices":[{"x":489.0,"y":302.0},{"x":607.0,"y":299.0},{"x":608.0,"y":323.0},{"x":489.0,"y":327.0}]},"inferText":"6,818","inferConfidence":0.9944,"type":"NORMAL","lineBreak":false},{"valueType":"ALL","boundingPoly":{"vertices":[{"x":628.0,"y":296.0},{"x":671.0,"y":296.0},{"x":671.0,"y":326.0},{"x":628.0,"y":326.0}]},"inferText":"원","inferConfidence":0.9998,"type":"NORMAL","lineBreak":true},{"valueType":"ALL","boundingPoly":{"vertices":[{"x":145.0,"y":333.0},{"x":273.0,"y":333.0},{"x":273.0,"y":363.0},{"x":145.0,"y":363.0}]},"inferText":"부가세","inferConfidence":0.9998,"type":"NORMAL","lineBreak":false},{"valueType":"ALL","boundingPoly":{"vertices":[{"x":530.0,"y":327.0},{"x":609.0,"y":323.0},{"x":610.0,"y":348.0},{"x":531.0,"y":352.0}]},"inferText":"682","inferConfidence":1.0,"type":"NORMAL","lineBreak":false},{"valueType":"ALL","boundingPoly":{"vertices":[{"x":629.0,"y":321.0},{"x":672.0,"y":321.0},{"x":672.0,"y":351.0},{"x":629.0,"y":351.0}]},"inferText":"원","inferConfidence":0.9999,"type":"NORMAL","lineBreak":true},{"valueType":"ALL","boundingPoly":{"vertices":[{"x":146.0,"y":360.0},{"x":189.0,"y":360.0},{"x":189.0,"y":389.0},{"x":146.0,"y":389.0}]},"inferText":"합","inferConfidence":0.9996,"type":"NORMAL","lineBreak":false},{"valueType":"ALL","boundingPoly":{"vertices":[{"x":232.0,"y":357.0},{"x":273.0,"y":357.0},{"x":273.0,"y":385.0},{"x":232.0,"y":385.0}]},"inferText":"계","inferConfidence":1.0,"type":"NORMAL","lineBreak":false},{"valueType":"ALL","boundingPoly":{"vertices":[{"x":490.0,"y":352.0},{"x":610.0,"y":348.0},{"x":610.0,"y":374.0},{"x":491.0,"y":377.0}]},"inferText":"7,500","inferConfidence":0.9948,"type":"NORMAL","lineBreak":false},{"valueType":"ALL","boundingPoly":{"vertices":[{"x":629.0,"y":346.0},{"x":672.0,"y":346.0},{"x":672.0,"y":375.0},{"x":629.0,"y":375.0}]},"inferText":"원","inferConfidence":0.9999,"type":"NORMAL","lineBreak":true},{"valueType":"ALL","boundingPoly":{"vertices":[{"x":144.0,"y":407.0},{"x":384.0,"y":402.0},{"x":384.0,"y":431.0},{"x":144.0,"y":435.0}]},"inferText":"IBK비씨카드","inferConfidence":0.9994,"type":"NORMAL","lineBreak":true},{"valueType":"ALL","boundingPoly":{"vertices":[{"x":144.0,"y":433.0},{"x":237.0,"y":430.0},{"x":237.0,"y":457.0},{"x":145.0,"y":460.0}]},"inferText":"카드번호","inferConfidence":0.9998,"type":"NORMAL","lineBreak":false},{"valueType":"ALL","boundingPoly":{"vertices":[{"x":244.0,"y":437.0},{"x":253.0,"y":437.0},{"x":253.0,"y":450.0},{"x":244.0,"y":450.0}]},"inferText":":","inferConfidence":0.9946,"type":"NORMAL","lineBreak":false},{"valueType":"ALL","boundingPoly":{"vertices":[{"x":261.0,"y":430.0},{"x":508.0,"y":427.0},{"x":508.0,"y":448.0},{"x":262.0,"y":451.0}]},"inferText":"6250-03**-****-4903(C)","inferConfidence":0.9977,"type":"NORMAL","lineBreak":false},{"valueType":"ALL","boundingPoly":{"vertices":[{"x":607.0,"y":421.0},{"x":677.0,"y":420.0},{"x":677.0,"y":448.0},{"x":607.0,"y":450.0}]},"inferText":"일시불","inferConfidence":1.0,"type":"NORMAL","lineBreak":true},{"valueType":"ALL","boundingPoly":{"vertices":[{"x":145.0,"y":457.0},{"x":237.0,"y":455.0},{"x":237.0,"y":483.0},{"x":145.0,"y":484.0}]},"inferText":"거래일시","inferConfidence":0.9999,"type":"NORMAL","lineBreak":false},{"valueType":"ALL","boundingPoly":{"vertices":[{"x":244.0,"y":461.0},{"x":254.0,"y":461.0},{"x":254.0,"y":474.0},{"x":244.0,"y":474.0}]},"inferText":":","inferConfidence":0.9997,"type":"NORMAL","lineBreak":false},{"valueType":"ALL","boundingPoly":{"vertices":[{"x":261.0,"y":455.0},{"x":379.0,"y":452.0},{"x":380.0,"y":476.0},{"x":262.0,"y":478.0}]},"inferText":"2018/01/30","inferConfidence":0.9998,"type":"NORMAL","lineBreak":false},{"valueType":"ALL","boundingPoly":{"vertices":[{"x":385.0,"y":453.0},{"x":451.0,"y":453.0},{"x":451.0,"y":473.0},{"x":385.0,"y":473.0}]},"inferText":"12:46:","inferConfidence":0.9911,"type":"NORMAL","lineBreak":false},{"valueType":"ALL","boundingPoly":{"vertices":[{"x":449.0,"y":451.0},{"x":479.0,"y":451.0},{"x":479.0,"y":473.0},{"x":449.0,"y":473.0}]},"inferText":"24","inferConfidence":1.0,"type":"NORMAL","lineBreak":true},{"valueType":"ALL","boundingPoly":{"vertices":[{"x":147.0,"y":482.0},{"x":257.0,"y":479.0},{"x":258.0,"y":506.0},{"x":147.0,"y":509.0}]},"inferText":"승인번호 :","inferConfidence":0.9449,"type":"NORMAL","lineBreak":false},{"valueType":"ALL","boundingPoly":{"vertices":[{"x":265.0,"y":479.0},{"x":445.0,"y":476.0},{"x":445.0,"y":502.0},{"x":265.0,"y":505.0}]},"inferText":"72110079","inferConfidence":0.9998,"type":"NORMAL","lineBreak":true},{"valueType":"ALL","boundingPoly":{"vertices":[{"x":147.0,"y":506.0},{"x":215.0,"y":506.0},{"x":215.0,"y":532.0},{"x":147.0,"y":532.0}]},"inferText":"매입:","inferConfidence":0.8911,"type":"NORMAL","lineBreak":false},{"valueType":"ALL","boundingPoly":{"vertices":[{"x":223.0,"y":504.0},{"x":335.0,"y":502.0},{"x":335.0,"y":530.0},{"x":223.0,"y":532.0}]},"inferText":"비씨카드사","inferConfidence":0.9999,"type":"NORMAL","lineBreak":false},{"valueType":"ALL","boundingPoly":{"vertices":[{"x":397.0,"y":501.0},{"x":468.0,"y":501.0},{"x":468.0,"y":528.0},{"x":397.0,"y":528.0}]},"inferText":"가맹:","inferConfidence":0.8521,"type":"NORMAL","lineBreak":false},{"valueType":"ALL","boundingPoly":{"vertices":[{"x":473.0,"y":501.0},{"x":580.0,"y":498.0},{"x":581.0,"y":520.0},{"x":474.0,"y":522.0}]},"inferText":"798606607","inferConfidence":0.9999,"type":"NORMAL","lineBreak":true},{"valueType":"ALL","boundingPoly":{"vertices":[{"x":147.0,"y":531.0},{"x":217.0,"y":531.0},{"x":217.0,"y":557.0},{"x":147.0,"y":557.0}]},"inferText":"알림:","inferConfidence":0.8442,"type":"NORMAL","lineBreak":false},{"valueType":"ALL","boundingPoly":{"vertices":[{"x":219.0,"y":528.0},{"x":325.0,"y":528.0},{"x":325.0,"y":555.0},{"x":219.0,"y":555.0}]},"inferText":"EDC매출표","inferConfidence":0.9999,"type":"NORMAL","lineBreak":true},{"valueType":"ALL","boundingPoly":{"vertices":[{"x":149.0,"y":555.0},{"x":217.0,"y":555.0},{"x":217.0,"y":580.0},{"x":149.0,"y":580.0}]},"inferText":"문의:","inferConfidence":0.8391,"type":"NORMAL","lineBreak":false},{"valueType":"ALL","boundingPoly":{"vertices":[{"x":222.0,"y":554.0},{"x":271.0,"y":554.0},{"x":271.0,"y":578.0},{"x":222.0,"y":578.0}]},"inferText":"TEL)","inferConfidence":0.9998,"type":"NORMAL","lineBreak":false},{"valueType":"ALL","boundingPoly":{"vertices":[{"x":268.0,"y":553.0},{"x":371.0,"y":553.0},{"x":371.0,"y":575.0},{"x":268.0,"y":575.0}]},"inferText":"1544-4700","inferConfidence":0.9999,"type":"NORMAL","lineBreak":true},{"valueType":"ALL","boundingPoly":{"vertices":[{"x":336.0,"y":607.0},{"x":348.0,"y":607.0},{"x":348.0,"y":617.0},{"x":336.0,"y":617.0}]},"inferText":"*","inferConfidence":0.9997,"type":"NORMAL","lineBreak":false},{"valueType":"ALL","boundingPoly":{"vertices":[{"x":355.0,"y":600.0},{"x":471.0,"y":598.0},{"x":471.0,"y":627.0},{"x":355.0,"y":629.0}]},"inferText":"감사합니다","inferConfidence":1.0,"type":"NORMAL","lineBreak":false},{"valueType":"ALL","boundingPoly":{"vertices":[{"x":479.0,"y":606.0},{"x":491.0,"y":606.0},{"x":491.0,"y":616.0},{"x":479.0,"y":616.0}]},"inferText":"*","inferConfidence":0.9997,"type":"NORMAL","lineBreak":true},{"valueType":"ALL","boundingPoly":{"vertices":[{"x":247.0,"y":626.0},{"x":573.0,"y":623.0},{"x":573.0,"y":646.0},{"x":247.0,"y":649.0}]},"inferText":"N617021027/2.05/20170215/0510","inferConfidence":0.9875,"type":"NORMAL","lineBreak":true}]}]}
2024-11-19 14:20:32 - OCRResponseDTO: OCRResponseDTO(version=V2, requestId=1234, timestamp=1731993632217, images=[OCRResponseDTO.OCRImage(uid=7f15dba44fb0489a8468c498bfae0f72, name=uploaded_image, inferResult=SUCCESS, message=SUCCESS, validationResult=OCRResponseDTO.ValidationResult(result=NO_REQUESTED), convertedImageInfo=OCRResponseDTO.ConvertedImageInfo(width=785, height=785, longImage=false, pageIndex=0), fields=[OCRResponseDTO.Field(valueType=ALL, boundingPoly=OCRResponseDTO.BoundingPoly(vertices=[OCRResponseDTO.Vertex(x=133.0, y=137.0), OCRResponseDTO.Vertex(x=354.0, y=136.0), OCRResponseDTO.Vertex(x=354.0, y=167.0), OCRResponseDTO.Vertex(x=133.0, y=168.0)]), inferText=IC신용승인, inferConfidence=0.9997), OCRResponseDTO.Field(valueType=ALL, boundingPoly=OCRResponseDTO.BoundingPoly(vertices=[OCRResponseDTO.Vertex(x=442.0, y=130.0), OCRResponseDTO.Vertex(x=578.0, y=126.0), OCRResponseDTO.Vertex(x=579.0, y=155.0), OCRResponseDTO.Vertex(x=443.0, y=159.0)]), inferText=(고 객, inferConfidence=0.9983), OCRResponseDTO.Field(valueType=ALL, boundingPoly=OCRResponseDTO.BoundingPoly(vertices=[OCRResponseDTO.Vertex(x=598.0, y=125.0), OCRResponseDTO.Vertex(x=664.0, y=124.0), OCRResponseDTO.Vertex(x=665.0, y=153.0), OCRResponseDTO.Vertex(x=599.0, y=154.0)]), inferText=용), inferConfidence=0.9997), OCRResponseDTO.Field(valueType=ALL, boundingPoly=OCRResponseDTO.BoundingPoly(vertices=[OCRResponseDTO.Vertex(x=132.0, y=163.0), OCRResponseDTO.Vertex(x=206.0, y=163.0), OCRResponseDTO.Vertex(x=206.0, y=191.0), OCRResponseDTO.Vertex(x=132.0, y=191.0)]), inferText=단말기, inferConfidence=1.0), OCRResponseDTO.Field(valueType=ALL, boundingPoly=OCRResponseDTO.BoundingPoly(vertices=[OCRResponseDTO.Vertex(x=215.0, y=171.0), OCRResponseDTO.Vertex(x=223.0, y=171.0), OCRResponseDTO.Vertex(x=223.0, y=182.0), OCRResponseDTO.Vertex(x=215.0, y=182.0)]), inferText=:, inferConfidence=0.6108), OCRResponseDTO.Field(valueType=ALL, boundingPoly=OCRResponseDTO.BoundingPoly(vertices=[OCRResponseDTO.Vertex(x=234.0, y=165.0), OCRResponseDTO.Vertex(x=350.0, y=163.0), OCRResponseDTO.Vertex(x=350.0, y=184.0), OCRResponseDTO.Vertex(x=235.0, y=187.0)]), inferText=1A79798148, inferConfidence=0.999), OCRResponseDTO.Field(valueType=ALL, boundingPoly=OCRResponseDTO.BoundingPoly(vertices=[OCRResponseDTO.Vertex(x=475.0, y=155.0), OCRResponseDTO.Vertex(x=590.0, y=151.0), OCRResponseDTO.Vertex(x=591.0, y=179.0), OCRResponseDTO.Vertex(x=476.0, y=183.0)]), inferText=전표번호 :, inferConfidence=0.9324), OCRResponseDTO.Field(valueType=ALL, boundingPoly=OCRResponseDTO.BoundingPoly(vertices=[OCRResponseDTO.Vertex(x=593.0, y=152.0), OCRResponseDTO.Vertex(x=670.0, y=150.0), OCRResponseDTO.Vertex(x=670.0, y=172.0), OCRResponseDTO.Vertex(x=593.0, y=174.0)]), inferText=020298, inferConfidence=0.9998), OCRResponseDTO.Field(valueType=ALL, boundingPoly=OCRResponseDTO.BoundingPoly(vertices=[OCRResponseDTO.Vertex(x=134.0, y=189.0), OCRResponseDTO.Vertex(x=207.0, y=189.0), OCRResponseDTO.Vertex(x=207.0, y=217.0), OCRResponseDTO.Vertex(x=134.0, y=217.0)]), inferText=가맹점, inferConfidence=0.9998), OCRResponseDTO.Field(valueType=ALL, boundingPoly=OCRResponseDTO.BoundingPoly(vertices=[OCRResponseDTO.Vertex(x=214.0, y=193.0), OCRResponseDTO.Vertex(x=226.0, y=193.0), OCRResponseDTO.Vertex(x=226.0, y=207.0), OCRResponseDTO.Vertex(x=214.0, y=207.0)]), inferText=:, inferConfidence=0.9995), OCRResponseDTO.Field(valueType=ALL, boundingPoly=OCRResponseDTO.BoundingPoly(vertices=[OCRResponseDTO.Vertex(x=235.0, y=187.0), OCRResponseDTO.Vertex(x=326.0, y=185.0), OCRResponseDTO.Vertex(x=327.0, y=214.0), OCRResponseDTO.Vertex(x=236.0, y=216.0)]), inferText=김태준의, inferConfidence=0.9998), OCRResponseDTO.Field(valueType=ALL, boundingPoly=OCRResponseDTO.BoundingPoly(vertices=[OCRResponseDTO.Vertex(x=332.0, y=184.0), OCRResponseDTO.Vertex(x=403.0, y=182.0), OCRResponseDTO.Vertex(x=404.0, y=211.0), OCRResponseDTO.Vertex(x=332.0, y=213.0)]), inferText=탕탕집, inferConfidence=0.9998), OCRResponseDTO.Field(valueType=ALL, boundingPoly=OCRResponseDTO.BoundingPoly(vertices=[OCRResponseDTO.Vertex(x=137.0, y=212.0), OCRResponseDTO.Vertex(x=165.0, y=212.0), OCRResponseDTO.Vertex(x=165.0, y=240.0), OCRResponseDTO.Vertex(x=137.0, y=240.0)]), inferText=주, inferConfidence=0.9997), OCRResponseDTO.Field(valueType=ALL, boundingPoly=OCRResponseDTO.BoundingPoly(vertices=[OCRResponseDTO.Vertex(x=182.0, y=214.0), OCRResponseDTO.Vertex(x=207.0, y=214.0), OCRResponseDTO.Vertex(x=207.0, y=240.0), OCRResponseDTO.Vertex(x=182.0, y=240.0)]), inferText=소, inferConfidence=1.0), OCRResponseDTO.Field(valueType=ALL, boundingPoly=OCRResponseDTO.BoundingPoly(vertices=[OCRResponseDTO.Vertex(x=214.0, y=218.0), OCRResponseDTO.Vertex(x=226.0, y=218.0), OCRResponseDTO.Vertex(x=226.0, y=234.0), OCRResponseDTO.Vertex(x=214.0, y=234.0)]), inferText=:, inferConfidence=0.9979), OCRResponseDTO.Field(valueType=ALL, boundingPoly=OCRResponseDTO.BoundingPoly(vertices=[OCRResponseDTO.Vertex(x=236.0, y=212.0), OCRResponseDTO.Vertex(x=285.0, y=212.0), OCRResponseDTO.Vertex(x=285.0, y=240.0), OCRResponseDTO.Vertex(x=236.0, y=240.0)]), inferText=서울, inferConfidence=0.9995), OCRResponseDTO.Field(valueType=ALL, boundingPoly=OCRResponseDTO.BoundingPoly(vertices=[OCRResponseDTO.Vertex(x=289.0, y=210.0), OCRResponseDTO.Vertex(x=361.0, y=208.0), OCRResponseDTO.Vertex(x=362.0, y=237.0), OCRResponseDTO.Vertex(x=290.0, y=239.0)]), inferText=강남구, inferConfidence=1.0), OCRResponseDTO.Field(valueType=ALL, boundingPoly=OCRResponseDTO.BoundingPoly(vertices=[OCRResponseDTO.Vertex(x=365.0, y=208.0), OCRResponseDTO.Vertex(x=470.0, y=204.0), OCRResponseDTO.Vertex(x=471.0, y=231.0), OCRResponseDTO.Vertex(x=366.0, y=235.0)]), inferText=학동로4길, inferConfidence=0.9998), OCRResponseDTO.Field(valueType=ALL, boundingPoly=OCRResponseDTO.BoundingPoly(vertices=[OCRResponseDTO.Vertex(x=477.0, y=206.0), OCRResponseDTO.Vertex(x=508.0, y=206.0), OCRResponseDTO.Vertex(x=508.0, y=225.0), OCRResponseDTO.Vertex(x=477.0, y=225.0)]), inferText=12., inferConfidence=0.9973), OCRResponseDTO.Field(valueType=ALL, boundingPoly=OCRResponseDTO.BoundingPoly(vertices=[OCRResponseDTO.Vertex(x=519.0, y=202.0), OCRResponseDTO.Vertex(x=670.0, y=196.0), OCRResponseDTO.Vertex(x=671.0, y=225.0), OCRResponseDTO.Vertex(x=520.0, y=230.0)]), inferText=1,2층(논현동), inferConfidence=0.9862), OCRResponseDTO.Field(valueType=ALL, boundingPoly=OCRResponseDTO.BoundingPoly(vertices=[OCRResponseDTO.Vertex(x=137.0, y=238.0), OCRResponseDTO.Vertex(x=210.0, y=238.0), OCRResponseDTO.Vertex(x=210.0, y=266.0), OCRResponseDTO.Vertex(x=137.0, y=266.0)]), inferText=대표자, inferConfidence=1.0), OCRResponseDTO.Field(valueType=ALL, boundingPoly=OCRResponseDTO.BoundingPoly(vertices=[OCRResponseDTO.Vertex(x=216.0, y=244.0), OCRResponseDTO.Vertex(x=226.0, y=244.0), OCRResponseDTO.Vertex(x=226.0, y=257.0), OCRResponseDTO.Vertex(x=216.0, y=257.0)]), inferText=:, inferConfidence=0.9989), OCRResponseDTO.Field(valueType=ALL, boundingPoly=OCRResponseDTO.BoundingPoly(vertices=[OCRResponseDTO.Vertex(x=237.0, y=236.0), OCRResponseDTO.Vertex(x=307.0, y=235.0), OCRResponseDTO.Vertex(x=307.0, y=263.0), OCRResponseDTO.Vertex(x=237.0, y=265.0)]), inferText=김태준, inferConfidence=1.0), OCRResponseDTO.Field(valueType=ALL, boundingPoly=OCRResponseDTO.BoundingPoly(vertices=[OCRResponseDTO.Vertex(x=138.0, y=263.0), OCRResponseDTO.Vertex(x=229.0, y=263.0), OCRResponseDTO.Vertex(x=229.0, y=289.0), OCRResponseDTO.Vertex(x=138.0, y=289.0)]), inferText=사업자 :, inferConfidence=0.9255), OCRResponseDTO.Field(valueType=ALL, boundingPoly=OCRResponseDTO.BoundingPoly(vertices=[OCRResponseDTO.Vertex(x=235.0, y=262.0), OCRResponseDTO.Vertex(x=373.0, y=258.0), OCRResponseDTO.Vertex(x=374.0, y=280.0), OCRResponseDTO.Vertex(x=236.0, y=285.0)]), inferText=536-37-00183, inferConfidence=0.9995), OCRResponseDTO.Field(valueType=ALL, boundingPoly=OCRResponseDTO.BoundingPoly(vertices=[OCRResponseDTO.Vertex(x=479.0, y=254.0), OCRResponseDTO.Vertex(x=537.0, y=257.0), OCRResponseDTO.Vertex(x=536.0, y=276.0), OCRResponseDTO.Vertex(x=478.0, y=273.0)]), inferText=TEL:, inferConfidence=0.907), OCRResponseDTO.Field(valueType=ALL, boundingPoly=OCRResponseDTO.BoundingPoly(vertices=[OCRResponseDTO.Vertex(x=542.0, y=252.0), OCRResponseDTO.Vertex(x=673.0, y=248.0), OCRResponseDTO.Vertex(x=673.0, y=270.0), OCRResponseDTO.Vertex(x=543.0, y=273.0)]), inferText=02-511-3235, inferConfidence=0.9996), OCRResponseDTO.Field(valueType=ALL, boundingPoly=OCRResponseDTO.BoundingPoly(vertices=[OCRResponseDTO.Vertex(x=146.0, y=313.0), OCRResponseDTO.Vertex(x=185.0, y=313.0), OCRResponseDTO.Vertex(x=185.0, y=339.0), OCRResponseDTO.Vertex(x=146.0, y=339.0)]), inferText=금, inferConfidence=0.9992), OCRResponseDTO.Field(valueType=ALL, boundingPoly=OCRResponseDTO.BoundingPoly(vertices=[OCRResponseDTO.Vertex(x=232.0, y=308.0), OCRResponseDTO.Vertex(x=272.0, y=308.0), OCRResponseDTO.Vertex(x=272.0, y=336.0), OCRResponseDTO.Vertex(x=232.0, y=336.0)]), inferText=액, inferConfidence=1.0), OCRResponseDTO.Field(valueType=ALL, boundingPoly=OCRResponseDTO.BoundingPoly(vertices=[OCRResponseDTO.Vertex(x=489.0, y=302.0), OCRResponseDTO.Vertex(x=607.0, y=299.0), OCRResponseDTO.Vertex(x=608.0, y=323.0), OCRResponseDTO.Vertex(x=489.0, y=327.0)]), inferText=6,818, inferConfidence=0.9944), OCRResponseDTO.Field(valueType=ALL, boundingPoly=OCRResponseDTO.BoundingPoly(vertices=[OCRResponseDTO.Vertex(x=628.0, y=296.0), OCRResponseDTO.Vertex(x=671.0, y=296.0), OCRResponseDTO.Vertex(x=671.0, y=326.0), OCRResponseDTO.Vertex(x=628.0, y=326.0)]), inferText=원, inferConfidence=0.9998), OCRResponseDTO.Field(valueType=ALL, boundingPoly=OCRResponseDTO.BoundingPoly(vertices=[OCRResponseDTO.Vertex(x=145.0, y=333.0), OCRResponseDTO.Vertex(x=273.0, y=333.0), OCRResponseDTO.Vertex(x=273.0, y=363.0), OCRResponseDTO.Vertex(x=145.0, y=363.0)]), inferText=부가세, inferConfidence=0.9998), OCRResponseDTO.Field(valueType=ALL, boundingPoly=OCRResponseDTO.BoundingPoly(vertices=[OCRResponseDTO.Vertex(x=530.0, y=327.0), OCRResponseDTO.Vertex(x=609.0, y=323.0), OCRResponseDTO.Vertex(x=610.0, y=348.0), OCRResponseDTO.Vertex(x=531.0, y=352.0)]), inferText=682, inferConfidence=1.0), OCRResponseDTO.Field(valueType=ALL, boundingPoly=OCRResponseDTO.BoundingPoly(vertices=[OCRResponseDTO.Vertex(x=629.0, y=321.0), OCRResponseDTO.Vertex(x=672.0, y=321.0), OCRResponseDTO.Vertex(x=672.0, y=351.0), OCRResponseDTO.Vertex(x=629.0, y=351.0)]), inferText=원, inferConfidence=0.9999), OCRResponseDTO.Field(valueType=ALL, boundingPoly=OCRResponseDTO.BoundingPoly(vertices=[OCRResponseDTO.Vertex(x=146.0, y=360.0), OCRResponseDTO.Vertex(x=189.0, y=360.0), OCRResponseDTO.Vertex(x=189.0, y=389.0), OCRResponseDTO.Vertex(x=146.0, y=389.0)]), inferText=합, inferConfidence=0.9996), OCRResponseDTO.Field(valueType=ALL, boundingPoly=OCRResponseDTO.BoundingPoly(vertices=[OCRResponseDTO.Vertex(x=232.0, y=357.0), OCRResponseDTO.Vertex(x=273.0, y=357.0), OCRResponseDTO.Vertex(x=273.0, y=385.0), OCRResponseDTO.Vertex(x=232.0, y=385.0)]), inferText=계, inferConfidence=1.0), OCRResponseDTO.Field(valueType=ALL, boundingPoly=OCRResponseDTO.BoundingPoly(vertices=[OCRResponseDTO.Vertex(x=490.0, y=352.0), OCRResponseDTO.Vertex(x=610.0, y=348.0), OCRResponseDTO.Vertex(x=610.0, y=374.0), OCRResponseDTO.Vertex(x=491.0, y=377.0)]), inferText=7,500, inferConfidence=0.9948), OCRResponseDTO.Field(valueType=ALL, boundingPoly=OCRResponseDTO.BoundingPoly(vertices=[OCRResponseDTO.Vertex(x=629.0, y=346.0), OCRResponseDTO.Vertex(x=672.0, y=346.0), OCRResponseDTO.Vertex(x=672.0, y=375.0), OCRResponseDTO.Vertex(x=629.0, y=375.0)]), inferText=원, inferConfidence=0.9999), OCRResponseDTO.Field(valueType=ALL, boundingPoly=OCRResponseDTO.BoundingPoly(vertices=[OCRResponseDTO.Vertex(x=144.0, y=407.0), OCRResponseDTO.Vertex(x=384.0, y=402.0), OCRResponseDTO.Vertex(x=384.0, y=431.0), OCRResponseDTO.Vertex(x=144.0, y=435.0)]), inferText=IBK비씨카드, inferConfidence=0.9994), OCRResponseDTO.Field(valueType=ALL, boundingPoly=OCRResponseDTO.BoundingPoly(vertices=[OCRResponseDTO.Vertex(x=144.0, y=433.0), OCRResponseDTO.Vertex(x=237.0, y=430.0), OCRResponseDTO.Vertex(x=237.0, y=457.0), OCRResponseDTO.Vertex(x=145.0, y=460.0)]), inferText=카드번호, inferConfidence=0.9998), OCRResponseDTO.Field(valueType=ALL, boundingPoly=OCRResponseDTO.BoundingPoly(vertices=[OCRResponseDTO.Vertex(x=244.0, y=437.0), OCRResponseDTO.Vertex(x=253.0, y=437.0), OCRResponseDTO.Vertex(x=253.0, y=450.0), OCRResponseDTO.Vertex(x=244.0, y=450.0)]), inferText=:, inferConfidence=0.9946), OCRResponseDTO.Field(valueType=ALL, boundingPoly=OCRResponseDTO.BoundingPoly(vertices=[OCRResponseDTO.Vertex(x=261.0, y=430.0), OCRResponseDTO.Vertex(x=508.0, y=427.0), OCRResponseDTO.Vertex(x=508.0, y=448.0), OCRResponseDTO.Vertex(x=262.0, y=451.0)]), inferText=6250-03**-****-4903(C), inferConfidence=0.9977), OCRResponseDTO.Field(valueType=ALL, boundingPoly=OCRResponseDTO.BoundingPoly(vertices=[OCRResponseDTO.Vertex(x=607.0, y=421.0), OCRResponseDTO.Vertex(x=677.0, y=420.0), OCRResponseDTO.Vertex(x=677.0, y=448.0), OCRResponseDTO.Vertex(x=607.0, y=450.0)]), inferText=일시불, inferConfidence=1.0), OCRResponseDTO.Field(valueType=ALL, boundingPoly=OCRResponseDTO.BoundingPoly(vertices=[OCRResponseDTO.Vertex(x=145.0, y=457.0), OCRResponseDTO.Vertex(x=237.0, y=455.0), OCRResponseDTO.Vertex(x=237.0, y=483.0), OCRResponseDTO.Vertex(x=145.0, y=484.0)]), inferText=거래일시, inferConfidence=0.9999), OCRResponseDTO.Field(valueType=ALL, boundingPoly=OCRResponseDTO.BoundingPoly(vertices=[OCRResponseDTO.Vertex(x=244.0, y=461.0), OCRResponseDTO.Vertex(x=254.0, y=461.0), OCRResponseDTO.Vertex(x=254.0, y=474.0), OCRResponseDTO.Vertex(x=244.0, y=474.0)]), inferText=:, inferConfidence=0.9997), OCRResponseDTO.Field(valueType=ALL, boundingPoly=OCRResponseDTO.BoundingPoly(vertices=[OCRResponseDTO.Vertex(x=261.0, y=455.0), OCRResponseDTO.Vertex(x=379.0, y=452.0), OCRResponseDTO.Vertex(x=380.0, y=476.0), OCRResponseDTO.Vertex(x=262.0, y=478.0)]), inferText=2018/01/30, inferConfidence=0.9998), OCRResponseDTO.Field(valueType=ALL, boundingPoly=OCRResponseDTO.BoundingPoly(vertices=[OCRResponseDTO.Vertex(x=385.0, y=453.0), OCRResponseDTO.Vertex(x=451.0, y=453.0), OCRResponseDTO.Vertex(x=451.0, y=473.0), OCRResponseDTO.Vertex(x=385.0, y=473.0)]), inferText=12:46:, inferConfidence=0.9911), OCRResponseDTO.Field(valueType=ALL, boundingPoly=OCRResponseDTO.BoundingPoly(vertices=[OCRResponseDTO.Vertex(x=449.0, y=451.0), OCRResponseDTO.Vertex(x=479.0, y=451.0), OCRResponseDTO.Vertex(x=479.0, y=473.0), OCRResponseDTO.Vertex(x=449.0, y=473.0)]), inferText=24, inferConfidence=1.0), OCRResponseDTO.Field(valueType=ALL, boundingPoly=OCRResponseDTO.BoundingPoly(vertices=[OCRResponseDTO.Vertex(x=147.0, y=482.0), OCRResponseDTO.Vertex(x=257.0, y=479.0), OCRResponseDTO.Vertex(x=258.0, y=506.0), OCRResponseDTO.Vertex(x=147.0, y=509.0)]), inferText=승인번호 :, inferConfidence=0.9449), OCRResponseDTO.Field(valueType=ALL, boundingPoly=OCRResponseDTO.BoundingPoly(vertices=[OCRResponseDTO.Vertex(x=265.0, y=479.0), OCRResponseDTO.Vertex(x=445.0, y=476.0), OCRResponseDTO.Vertex(x=445.0, y=502.0), OCRResponseDTO.Vertex(x=265.0, y=505.0)]), inferText=72110079, inferConfidence=0.9998), OCRResponseDTO.Field(valueType=ALL, boundingPoly=OCRResponseDTO.BoundingPoly(vertices=[OCRResponseDTO.Vertex(x=147.0, y=506.0), OCRResponseDTO.Vertex(x=215.0, y=506.0), OCRResponseDTO.Vertex(x=215.0, y=532.0), OCRResponseDTO.Vertex(x=147.0, y=532.0)]), inferText=매입:, inferConfidence=0.8911), OCRResponseDTO.Field(valueType=ALL, boundingPoly=OCRResponseDTO.BoundingPoly(vertices=[OCRResponseDTO.Vertex(x=223.0, y=504.0), OCRResponseDTO.Vertex(x=335.0, y=502.0), OCRResponseDTO.Vertex(x=335.0, y=530.0), OCRResponseDTO.Vertex(x=223.0, y=532.0)]), inferText=비씨카드사, inferConfidence=0.9999), OCRResponseDTO.Field(valueType=ALL, boundingPoly=OCRResponseDTO.BoundingPoly(vertices=[OCRResponseDTO.Vertex(x=397.0, y=501.0), OCRResponseDTO.Vertex(x=468.0, y=501.0), OCRResponseDTO.Vertex(x=468.0, y=528.0), OCRResponseDTO.Vertex(x=397.0, y=528.0)]), inferText=가맹:, inferConfidence=0.8521), OCRResponseDTO.Field(valueType=ALL, boundingPoly=OCRResponseDTO.BoundingPoly(vertices=[OCRResponseDTO.Vertex(x=473.0, y=501.0), OCRResponseDTO.Vertex(x=580.0, y=498.0), OCRResponseDTO.Vertex(x=581.0, y=520.0), OCRResponseDTO.Vertex(x=474.0, y=522.0)]), inferText=798606607, inferConfidence=0.9999), OCRResponseDTO.Field(valueType=ALL, boundingPoly=OCRResponseDTO.BoundingPoly(vertices=[OCRResponseDTO.Vertex(x=147.0, y=531.0), OCRResponseDTO.Vertex(x=217.0, y=531.0), OCRResponseDTO.Vertex(x=217.0, y=557.0), OCRResponseDTO.Vertex(x=147.0, y=557.0)]), inferText=알림:, inferConfidence=0.8442), OCRResponseDTO.Field(valueType=ALL, boundingPoly=OCRResponseDTO.BoundingPoly(vertices=[OCRResponseDTO.Vertex(x=219.0, y=528.0), OCRResponseDTO.Vertex(x=325.0, y=528.0), OCRResponseDTO.Vertex(x=325.0, y=555.0), OCRResponseDTO.Vertex(x=219.0, y=555.0)]), inferText=EDC매출표, inferConfidence=0.9999), OCRResponseDTO.Field(valueType=ALL, boundingPoly=OCRResponseDTO.BoundingPoly(vertices=[OCRResponseDTO.Vertex(x=149.0, y=555.0), OCRResponseDTO.Vertex(x=217.0, y=555.0), OCRResponseDTO.Vertex(x=217.0, y=580.0), OCRResponseDTO.Vertex(x=149.0, y=580.0)]), inferText=문의:, inferConfidence=0.8391), OCRResponseDTO.Field(valueType=ALL, boundingPoly=OCRResponseDTO.BoundingPoly(vertices=[OCRResponseDTO.Vertex(x=222.0, y=554.0), OCRResponseDTO.Vertex(x=271.0, y=554.0), OCRResponseDTO.Vertex(x=271.0, y=578.0), OCRResponseDTO.Vertex(x=222.0, y=578.0)]), inferText=TEL), inferConfidence=0.9998), OCRResponseDTO.Field(valueType=ALL, boundingPoly=OCRResponseDTO.BoundingPoly(vertices=[OCRResponseDTO.Vertex(x=268.0, y=553.0), OCRResponseDTO.Vertex(x=371.0, y=553.0), OCRResponseDTO.Vertex(x=371.0, y=575.0), OCRResponseDTO.Vertex(x=268.0, y=575.0)]), inferText=1544-4700, inferConfidence=0.9999), OCRResponseDTO.Field(valueType=ALL, boundingPoly=OCRResponseDTO.BoundingPoly(vertices=[OCRResponseDTO.Vertex(x=336.0, y=607.0), OCRResponseDTO.Vertex(x=348.0, y=607.0), OCRResponseDTO.Vertex(x=348.0, y=617.0), OCRResponseDTO.Vertex(x=336.0, y=617.0)]), inferText=*, inferConfidence=0.9997), OCRResponseDTO.Field(valueType=ALL, boundingPoly=OCRResponseDTO.BoundingPoly(vertices=[OCRResponseDTO.Vertex(x=355.0, y=600.0), OCRResponseDTO.Vertex(x=471.0, y=598.0), OCRResponseDTO.Vertex(x=471.0, y=627.0), OCRResponseDTO.Vertex(x=355.0, y=629.0)]), inferText=감사합니다, inferConfidence=1.0), OCRResponseDTO.Field(valueType=ALL, boundingPoly=OCRResponseDTO.BoundingPoly(vertices=[OCRResponseDTO.Vertex(x=479.0, y=606.0), OCRResponseDTO.Vertex(x=491.0, y=606.0), OCRResponseDTO.Vertex(x=491.0, y=616.0), OCRResponseDTO.Vertex(x=479.0, y=616.0)]), inferText=*, inferConfidence=0.9997), OCRResponseDTO.Field(valueType=ALL, boundingPoly=OCRResponseDTO.BoundingPoly(vertices=[OCRResponseDTO.Vertex(x=247.0, y=626.0), OCRResponseDTO.Vertex(x=573.0, y=623.0), OCRResponseDTO.Vertex(x=573.0, y=646.0), OCRResponseDTO.Vertex(x=247.0, y=649.0)]), inferText=N617021027/2.05/20170215/0510, inferConfidence=0.9875)])])
2024-11-19 14:20:32 - Is Store Name Found: false
2024-11-19 14:20:32 - Is Store Address Found: true
2024-11-19 15:50:34 - Starting AmaddaBackApplication using Java 17.0.11 with PID 27764 (C:\Users\82103\AMADDA-PROJECT3\AMADDA-PROJECT-BACK\build\classes\java\main started by 82103 in C:\Users\82103\AMADDA-PROJECT3\AMADDA-PROJECT-BACK)
2024-11-19 15:50:34 - No active profile set, falling back to 1 default profile: "default"
2024-11-19 15:50:34 - The Class-Path manifest attribute in C:\Users\82103\.gradle\caches\modules-2\files-2.1\org.glassfish.jaxb\jaxb-core\2.3.0\b40bc6ae4bc14480204e143377ce6f75ebba5066\jaxb-core-2.3.0.jar referenced one or more files that do not exist: file:/C:/Users/82103/.gradle/caches/modules-2/files-2.1/org.glassfish.jaxb/jaxb-core/2.3.0/b40bc6ae4bc14480204e143377ce6f75ebba5066/jaxb-api-2.3.0.jar,file:/C:/Users/82103/.gradle/caches/modules-2/files-2.1/org.glassfish.jaxb/jaxb-core/2.3.0/b40bc6ae4bc14480204e143377ce6f75ebba5066/txw2-2.3.0.jar,file:/C:/Users/82103/.gradle/caches/modules-2/files-2.1/org.glassfish.jaxb/jaxb-core/2.3.0/b40bc6ae4bc14480204e143377ce6f75ebba5066/istack-commons-runtime-3.0.5.jar
2024-11-19 15:50:34 - Devtools property defaults active! Set 'spring.devtools.add-properties' to 'false' to disable
2024-11-19 15:50:34 - For additional web related logging consider setting the 'logging.level.web' property to 'DEBUG'
2024-11-19 15:50:43 - Bootstrapping Spring Data JPA repositories in DEFAULT mode.
2024-11-19 15:50:44 - Finished Spring Data repository scanning in 1088 ms. Found 21 JPA repository interfaces.
2024-11-19 15:50:47 - Tomcat initialized with port 7777 (http)
2024-11-19 15:50:47 - Starting service [Tomcat]
2024-11-19 15:50:47 - Starting Servlet engine: [Apache Tomcat/10.1.28]
2024-11-19 15:50:47 - Initializing Spring embedded WebApplicationContext
2024-11-19 15:50:47 - Root WebApplicationContext: initialization completed in 12867 ms
2024-11-19 15:50:48 - HHH000204: Processing PersistenceUnitInfo [name: default]
2024-11-19 15:50:48 - HHH000412: Hibernate ORM core version 6.4.10.Final
2024-11-19 15:50:48 - HHH000026: Second-level cache disabled
2024-11-19 15:50:49 - No LoadTimeWeaver setup: ignoring JPA class transformer
2024-11-19 15:50:50 - HikariPool-1 - Starting...
2024-11-19 15:50:50 - HikariPool-1 - Added connection com.mysql.cj.jdbc.ConnectionImpl@40837b3d
2024-11-19 15:50:50 - HikariPool-1 - Start completed.
2024-11-19 15:50:50 - HHH90000025: MySQLDialect does not need to be specified explicitly using 'hibernate.dialect' (remove the property setting and it will be selected by default)
2024-11-19 15:50:54 - HHH000489: No JTA platform available (set 'hibernate.transaction.jta.platform' to enable JTA platform integration)
2024-11-19 15:50:54 - GenerationTarget encountered exception accepting command : Error executing DDL "
    alter table post 
       modify column user_id varchar(255)" via JDBC [Referencing column 'user_id' and referenced column 'user_id' in foreign key constraint 'post_ibfk_2' are incompatible.]
org.hibernate.tool.schema.spi.CommandAcceptanceException: Error executing DDL "
    alter table post 
       modify column user_id varchar(255)" via JDBC [Referencing column 'user_id' and referenced column 'user_id' in foreign key constraint 'post_ibfk_2' are incompatible.]
	at org.hibernate.tool.schema.internal.exec.GenerationTargetToDatabase.accept(GenerationTargetToDatabase.java:94)
	at org.hibernate.tool.schema.internal.AbstractSchemaMigrator.applySqlString(AbstractSchemaMigrator.java:574)
	at org.hibernate.tool.schema.internal.AbstractSchemaMigrator.applySqlStrings(AbstractSchemaMigrator.java:514)
	at org.hibernate.tool.schema.internal.AbstractSchemaMigrator.migrateTable(AbstractSchemaMigrator.java:333)
	at org.hibernate.tool.schema.internal.GroupedSchemaMigratorImpl.performTablesMigration(GroupedSchemaMigratorImpl.java:84)
	at org.hibernate.tool.schema.internal.AbstractSchemaMigrator.performMigration(AbstractSchemaMigrator.java:232)
	at org.hibernate.tool.schema.internal.AbstractSchemaMigrator.doMigration(AbstractSchemaMigrator.java:117)
	at org.hibernate.tool.schema.spi.SchemaManagementToolCoordinator.performDatabaseAction(SchemaManagementToolCoordinator.java:280)
	at org.hibernate.tool.schema.spi.SchemaManagementToolCoordinator.lambda$process$5(SchemaManagementToolCoordinator.java:144)
	at java.base/java.util.HashMap.forEach(HashMap.java:1421)
	at org.hibernate.tool.schema.spi.SchemaManagementToolCoordinator.process(SchemaManagementToolCoordinator.java:141)
	at org.hibernate.boot.internal.SessionFactoryObserverForSchemaExport.sessionFactoryCreated(SessionFactoryObserverForSchemaExport.java:37)
	at org.hibernate.internal.SessionFactoryObserverChain.sessionFactoryCreated(SessionFactoryObserverChain.java:35)
	at org.hibernate.internal.SessionFactoryImpl.<init>(SessionFactoryImpl.java:315)
	at org.hibernate.boot.internal.SessionFactoryBuilderImpl.build(SessionFactoryBuilderImpl.java:450)
	at org.hibernate.jpa.boot.internal.EntityManagerFactoryBuilderImpl.build(EntityManagerFactoryBuilderImpl.java:1507)
	at org.springframework.orm.jpa.vendor.SpringHibernateJpaPersistenceProvider.createContainerEntityManagerFactory(SpringHibernateJpaPersistenceProvider.java:75)
	at org.springframework.orm.jpa.LocalContainerEntityManagerFactoryBean.createNativeEntityManagerFactory(LocalContainerEntityManagerFactoryBean.java:390)
	at org.springframework.orm.jpa.AbstractEntityManagerFactoryBean.buildNativeEntityManagerFactory(AbstractEntityManagerFactoryBean.java:409)
	at org.springframework.orm.jpa.AbstractEntityManagerFactoryBean.afterPropertiesSet(AbstractEntityManagerFactoryBean.java:396)
	at org.springframework.orm.jpa.LocalContainerEntityManagerFactoryBean.afterPropertiesSet(LocalContainerEntityManagerFactoryBean.java:366)
	at org.springframework.beans.factory.support.AbstractAutowireCapableBeanFactory.invokeInitMethods(AbstractAutowireCapableBeanFactory.java:1853)
	at org.springframework.beans.factory.support.AbstractAutowireCapableBeanFactory.initializeBean(AbstractAutowireCapableBeanFactory.java:1802)
	at org.springframework.beans.factory.support.AbstractAutowireCapableBeanFactory.doCreateBean(AbstractAutowireCapableBeanFactory.java:600)
	at org.springframework.beans.factory.support.AbstractAutowireCapableBeanFactory.createBean(AbstractAutowireCapableBeanFactory.java:522)
	at org.springframework.beans.factory.support.AbstractBeanFactory.lambda$doGetBean$0(AbstractBeanFactory.java:337)
	at org.springframework.beans.factory.support.DefaultSingletonBeanRegistry.getSingleton(DefaultSingletonBeanRegistry.java:234)
	at org.springframework.beans.factory.support.AbstractBeanFactory.doGetBean(AbstractBeanFactory.java:335)
	at org.springframework.beans.factory.support.AbstractBeanFactory.getBean(AbstractBeanFactory.java:205)
	at org.springframework.context.support.AbstractApplicationContext.finishBeanFactoryInitialization(AbstractApplicationContext.java:954)
	at org.springframework.context.support.AbstractApplicationContext.refresh(AbstractApplicationContext.java:625)
	at org.springframework.boot.web.servlet.context.ServletWebServerApplicationContext.refresh(ServletWebServerApplicationContext.java:146)
	at org.springframework.boot.SpringApplication.refresh(SpringApplication.java:754)
	at org.springframework.boot.SpringApplication.refreshContext(SpringApplication.java:456)
	at org.springframework.boot.SpringApplication.run(SpringApplication.java:335)
	at org.springframework.boot.SpringApplication.run(SpringApplication.java:1363)
	at org.springframework.boot.SpringApplication.run(SpringApplication.java:1352)
	at amadda_back.amadda_back.AmaddaBackApplication.main(AmaddaBackApplication.java:11)
	at java.base/jdk.internal.reflect.NativeMethodAccessorImpl.invoke0(Native Method)
	at java.base/jdk.internal.reflect.NativeMethodAccessorImpl.invoke(NativeMethodAccessorImpl.java:77)
	at java.base/jdk.internal.reflect.DelegatingMethodAccessorImpl.invoke(DelegatingMethodAccessorImpl.java:43)
	at java.base/java.lang.reflect.Method.invoke(Method.java:568)
	at org.springframework.boot.devtools.restart.RestartLauncher.run(RestartLauncher.java:50)
Caused by: java.sql.SQLException: Referencing column 'user_id' and referenced column 'user_id' in foreign key constraint 'post_ibfk_2' are incompatible.
	at com.mysql.cj.jdbc.exceptions.SQLError.createSQLException(SQLError.java:130)
	at com.mysql.cj.jdbc.exceptions.SQLExceptionsMapping.translateException(SQLExceptionsMapping.java:122)
	at com.mysql.cj.jdbc.StatementImpl.executeInternal(StatementImpl.java:770)
	at com.mysql.cj.jdbc.StatementImpl.execute(StatementImpl.java:653)
	at com.zaxxer.hikari.pool.ProxyStatement.execute(ProxyStatement.java:94)
	at com.zaxxer.hikari.pool.HikariProxyStatement.execute(HikariProxyStatement.java)
	at org.hibernate.tool.schema.internal.exec.GenerationTargetToDatabase.accept(GenerationTargetToDatabase.java:80)
	... 42 common frames omitted
2024-11-19 15:50:54 - Initialized JPA EntityManagerFactory for persistence unit 'default'
2024-11-19 15:50:56 - Hibernate is in classpath; If applicable, HQL parser will be used.
2024-11-19 15:51:01 - spring.jpa.open-in-view is enabled by default. Therefore, database queries may be performed during view rendering. Explicitly configure spring.jpa.open-in-view to disable this warning
2024-11-19 15:51:01 - 

Using generated security password: 816029af-a037-4d0e-b4c9-c619ffe1d214

This generated password is for development use only. Your security configuration must be updated before running your application in production.

2024-11-19 15:51:02 - Will secure any request with [org.springframework.security.web.session.DisableEncodeUrlFilter@74b7408, org.springframework.security.web.context.request.async.WebAsyncManagerIntegrationFilter@4d1c5b6b, org.springframework.security.web.context.SecurityContextHolderFilter@6cb4dfb5, org.springframework.security.web.header.HeaderWriterFilter@60c9e5ca, org.springframework.web.filter.CorsFilter@6e6c71a7, org.springframework.security.web.authentication.logout.LogoutFilter@588d55bd, org.springframework.security.web.savedrequest.RequestCacheAwareFilter@3858818d, org.springframework.security.web.servletapi.SecurityContextHolderAwareRequestFilter@385f0640, org.springframework.security.web.authentication.AnonymousAuthenticationFilter@4d23b801, org.springframework.security.web.access.ExceptionTranslationFilter@31a4c83b, org.springframework.security.web.access.intercept.FilterSecurityInterceptor@239e2cbc]
2024-11-19 15:51:03 - Cannot find template location: classpath:/templates/ (please add some templates, check your Thymeleaf configuration, or set spring.thymeleaf.check-template-location=false)
2024-11-19 15:51:04 - LiveReload server is running on port 35729
2024-11-19 15:51:04 - Tomcat started on port 7777 (http) with context path ''
2024-11-19 15:51:04 - Started AmaddaBackApplication in 32.674 seconds (process running for 36.031)
2024-11-19 15:51:27 - Initializing Spring DispatcherServlet 'dispatcherServlet'
2024-11-19 15:51:27 - Initializing Servlet 'dispatcherServlet'
2024-11-19 15:51:27 - Completed initialization in 3 ms
2024-11-19 18:29:40 - HikariPool-1 - Thread starvation or clock leap detected (housekeeper delta=18m17s332ms769?s700ns).
2024-11-19 20:57:07 - HikariPool-1 - Thread starvation or clock leap detected (housekeeper delta=2h12m56s556ms24?s200ns).
2024-11-19 22:34:10 - HikariPool-1 - Thread starvation or clock leap detected (housekeeper delta=1h22m32s989ms329?s200ns).
2024-11-19 23:00:31 - Starting AmaddaBackApplication using Java 17.0.11 with PID 12772 (C:\Users\82103\AMADDA-PROJECT3\AMADDA-PROJECT-BACK\build\classes\java\main started by 82103 in C:\Users\82103\AMADDA-PROJECT3\AMADDA-PROJECT-BACK)
2024-11-19 23:00:31 - No active profile set, falling back to 1 default profile: "default"
2024-11-19 23:00:32 - The Class-Path manifest attribute in C:\Users\82103\.gradle\caches\modules-2\files-2.1\org.glassfish.jaxb\jaxb-core\2.3.0\b40bc6ae4bc14480204e143377ce6f75ebba5066\jaxb-core-2.3.0.jar referenced one or more files that do not exist: file:/C:/Users/82103/.gradle/caches/modules-2/files-2.1/org.glassfish.jaxb/jaxb-core/2.3.0/b40bc6ae4bc14480204e143377ce6f75ebba5066/jaxb-api-2.3.0.jar,file:/C:/Users/82103/.gradle/caches/modules-2/files-2.1/org.glassfish.jaxb/jaxb-core/2.3.0/b40bc6ae4bc14480204e143377ce6f75ebba5066/txw2-2.3.0.jar,file:/C:/Users/82103/.gradle/caches/modules-2/files-2.1/org.glassfish.jaxb/jaxb-core/2.3.0/b40bc6ae4bc14480204e143377ce6f75ebba5066/istack-commons-runtime-3.0.5.jar
2024-11-19 23:00:32 - Devtools property defaults active! Set 'spring.devtools.add-properties' to 'false' to disable
2024-11-19 23:00:32 - For additional web related logging consider setting the 'logging.level.web' property to 'DEBUG'
2024-11-19 23:00:37 - Bootstrapping Spring Data JPA repositories in DEFAULT mode.
2024-11-19 23:00:39 - Finished Spring Data repository scanning in 1359 ms. Found 21 JPA repository interfaces.
2024-11-19 23:00:42 - Tomcat initialized with port 7777 (http)
2024-11-19 23:00:42 - Starting service [Tomcat]
2024-11-19 23:00:42 - Starting Servlet engine: [Apache Tomcat/10.1.28]
2024-11-19 23:00:43 - Initializing Spring embedded WebApplicationContext
2024-11-19 23:00:43 - Root WebApplicationContext: initialization completed in 11059 ms
2024-11-19 23:00:44 - HHH000204: Processing PersistenceUnitInfo [name: default]
2024-11-19 23:00:45 - HHH000412: Hibernate ORM core version 6.4.10.Final
2024-11-19 23:00:45 - HHH000026: Second-level cache disabled
2024-11-19 23:00:46 - No LoadTimeWeaver setup: ignoring JPA class transformer
2024-11-19 23:00:46 - HikariPool-1 - Starting...
2024-11-19 23:00:47 - HikariPool-1 - Added connection com.mysql.cj.jdbc.ConnectionImpl@2993c40b
2024-11-19 23:00:47 - HikariPool-1 - Start completed.
2024-11-19 23:00:47 - HHH90000025: MySQLDialect does not need to be specified explicitly using 'hibernate.dialect' (remove the property setting and it will be selected by default)
2024-11-19 23:00:52 - HHH000489: No JTA platform available (set 'hibernate.transaction.jta.platform' to enable JTA platform integration)
2024-11-19 23:00:52 - GenerationTarget encountered exception accepting command : Error executing DDL "
    alter table post 
       modify column user_id varchar(255)" via JDBC [Referencing column 'user_id' and referenced column 'user_id' in foreign key constraint 'post_ibfk_2' are incompatible.]
org.hibernate.tool.schema.spi.CommandAcceptanceException: Error executing DDL "
    alter table post 
       modify column user_id varchar(255)" via JDBC [Referencing column 'user_id' and referenced column 'user_id' in foreign key constraint 'post_ibfk_2' are incompatible.]
	at org.hibernate.tool.schema.internal.exec.GenerationTargetToDatabase.accept(GenerationTargetToDatabase.java:94)
	at org.hibernate.tool.schema.internal.AbstractSchemaMigrator.applySqlString(AbstractSchemaMigrator.java:574)
	at org.hibernate.tool.schema.internal.AbstractSchemaMigrator.applySqlStrings(AbstractSchemaMigrator.java:514)
	at org.hibernate.tool.schema.internal.AbstractSchemaMigrator.migrateTable(AbstractSchemaMigrator.java:333)
	at org.hibernate.tool.schema.internal.GroupedSchemaMigratorImpl.performTablesMigration(GroupedSchemaMigratorImpl.java:84)
	at org.hibernate.tool.schema.internal.AbstractSchemaMigrator.performMigration(AbstractSchemaMigrator.java:232)
	at org.hibernate.tool.schema.internal.AbstractSchemaMigrator.doMigration(AbstractSchemaMigrator.java:117)
	at org.hibernate.tool.schema.spi.SchemaManagementToolCoordinator.performDatabaseAction(SchemaManagementToolCoordinator.java:280)
	at org.hibernate.tool.schema.spi.SchemaManagementToolCoordinator.lambda$process$5(SchemaManagementToolCoordinator.java:144)
	at java.base/java.util.HashMap.forEach(HashMap.java:1421)
	at org.hibernate.tool.schema.spi.SchemaManagementToolCoordinator.process(SchemaManagementToolCoordinator.java:141)
	at org.hibernate.boot.internal.SessionFactoryObserverForSchemaExport.sessionFactoryCreated(SessionFactoryObserverForSchemaExport.java:37)
	at org.hibernate.internal.SessionFactoryObserverChain.sessionFactoryCreated(SessionFactoryObserverChain.java:35)
	at org.hibernate.internal.SessionFactoryImpl.<init>(SessionFactoryImpl.java:315)
	at org.hibernate.boot.internal.SessionFactoryBuilderImpl.build(SessionFactoryBuilderImpl.java:450)
	at org.hibernate.jpa.boot.internal.EntityManagerFactoryBuilderImpl.build(EntityManagerFactoryBuilderImpl.java:1507)
	at org.springframework.orm.jpa.vendor.SpringHibernateJpaPersistenceProvider.createContainerEntityManagerFactory(SpringHibernateJpaPersistenceProvider.java:75)
	at org.springframework.orm.jpa.LocalContainerEntityManagerFactoryBean.createNativeEntityManagerFactory(LocalContainerEntityManagerFactoryBean.java:390)
	at org.springframework.orm.jpa.AbstractEntityManagerFactoryBean.buildNativeEntityManagerFactory(AbstractEntityManagerFactoryBean.java:409)
	at org.springframework.orm.jpa.AbstractEntityManagerFactoryBean.afterPropertiesSet(AbstractEntityManagerFactoryBean.java:396)
	at org.springframework.orm.jpa.LocalContainerEntityManagerFactoryBean.afterPropertiesSet(LocalContainerEntityManagerFactoryBean.java:366)
	at org.springframework.beans.factory.support.AbstractAutowireCapableBeanFactory.invokeInitMethods(AbstractAutowireCapableBeanFactory.java:1853)
	at org.springframework.beans.factory.support.AbstractAutowireCapableBeanFactory.initializeBean(AbstractAutowireCapableBeanFactory.java:1802)
	at org.springframework.beans.factory.support.AbstractAutowireCapableBeanFactory.doCreateBean(AbstractAutowireCapableBeanFactory.java:600)
	at org.springframework.beans.factory.support.AbstractAutowireCapableBeanFactory.createBean(AbstractAutowireCapableBeanFactory.java:522)
	at org.springframework.beans.factory.support.AbstractBeanFactory.lambda$doGetBean$0(AbstractBeanFactory.java:337)
	at org.springframework.beans.factory.support.DefaultSingletonBeanRegistry.getSingleton(DefaultSingletonBeanRegistry.java:234)
	at org.springframework.beans.factory.support.AbstractBeanFactory.doGetBean(AbstractBeanFactory.java:335)
	at org.springframework.beans.factory.support.AbstractBeanFactory.getBean(AbstractBeanFactory.java:205)
	at org.springframework.context.support.AbstractApplicationContext.finishBeanFactoryInitialization(AbstractApplicationContext.java:954)
	at org.springframework.context.support.AbstractApplicationContext.refresh(AbstractApplicationContext.java:625)
	at org.springframework.boot.web.servlet.context.ServletWebServerApplicationContext.refresh(ServletWebServerApplicationContext.java:146)
	at org.springframework.boot.SpringApplication.refresh(SpringApplication.java:754)
	at org.springframework.boot.SpringApplication.refreshContext(SpringApplication.java:456)
	at org.springframework.boot.SpringApplication.run(SpringApplication.java:335)
	at org.springframework.boot.SpringApplication.run(SpringApplication.java:1363)
	at org.springframework.boot.SpringApplication.run(SpringApplication.java:1352)
	at amadda_back.amadda_back.AmaddaBackApplication.main(AmaddaBackApplication.java:11)
	at java.base/jdk.internal.reflect.NativeMethodAccessorImpl.invoke0(Native Method)
	at java.base/jdk.internal.reflect.NativeMethodAccessorImpl.invoke(NativeMethodAccessorImpl.java:77)
	at java.base/jdk.internal.reflect.DelegatingMethodAccessorImpl.invoke(DelegatingMethodAccessorImpl.java:43)
	at java.base/java.lang.reflect.Method.invoke(Method.java:568)
	at org.springframework.boot.devtools.restart.RestartLauncher.run(RestartLauncher.java:50)
Caused by: java.sql.SQLException: Referencing column 'user_id' and referenced column 'user_id' in foreign key constraint 'post_ibfk_2' are incompatible.
	at com.mysql.cj.jdbc.exceptions.SQLError.createSQLException(SQLError.java:130)
	at com.mysql.cj.jdbc.exceptions.SQLExceptionsMapping.translateException(SQLExceptionsMapping.java:122)
	at com.mysql.cj.jdbc.StatementImpl.executeInternal(StatementImpl.java:770)
	at com.mysql.cj.jdbc.StatementImpl.execute(StatementImpl.java:653)
	at com.zaxxer.hikari.pool.ProxyStatement.execute(ProxyStatement.java:94)
	at com.zaxxer.hikari.pool.HikariProxyStatement.execute(HikariProxyStatement.java)
	at org.hibernate.tool.schema.internal.exec.GenerationTargetToDatabase.accept(GenerationTargetToDatabase.java:80)
	... 42 common frames omitted
2024-11-19 23:00:52 - Initialized JPA EntityManagerFactory for persistence unit 'default'
2024-11-19 23:00:54 - Hibernate is in classpath; If applicable, HQL parser will be used.
2024-11-19 23:00:59 - spring.jpa.open-in-view is enabled by default. Therefore, database queries may be performed during view rendering. Explicitly configure spring.jpa.open-in-view to disable this warning
2024-11-19 23:00:59 - 

Using generated security password: c84ad08e-5c39-4128-876b-c89543a7b60e

This generated password is for development use only. Your security configuration must be updated before running your application in production.

2024-11-19 23:01:01 - Will secure any request with [org.springframework.security.web.session.DisableEncodeUrlFilter@c2361c3, org.springframework.security.web.context.request.async.WebAsyncManagerIntegrationFilter@5ebd8d9d, org.springframework.security.web.context.SecurityContextHolderFilter@2b9e2d09, org.springframework.security.web.header.HeaderWriterFilter@223740a7, org.springframework.web.filter.CorsFilter@2b42ab64, org.springframework.security.web.authentication.logout.LogoutFilter@14bc3665, org.springframework.security.web.savedrequest.RequestCacheAwareFilter@7241ae0, org.springframework.security.web.servletapi.SecurityContextHolderAwareRequestFilter@7612264e, org.springframework.security.web.authentication.AnonymousAuthenticationFilter@1e04355c, org.springframework.security.web.access.ExceptionTranslationFilter@207d17c0, org.springframework.security.web.access.intercept.FilterSecurityInterceptor@60090f66]
2024-11-19 23:01:02 - Cannot find template location: classpath:/templates/ (please add some templates, check your Thymeleaf configuration, or set spring.thymeleaf.check-template-location=false)
2024-11-19 23:01:03 - LiveReload server is running on port 35729
2024-11-19 23:01:03 - Tomcat started on port 7777 (http) with context path ''
2024-11-19 23:01:03 - Started AmaddaBackApplication in 33.021 seconds (process running for 35.458)
2024-11-19 23:02:18 - Initializing Spring DispatcherServlet 'dispatcherServlet'
2024-11-19 23:02:18 - Initializing Servlet 'dispatcherServlet'
2024-11-19 23:02:18 - Completed initialization in 2 ms
2024-11-19 23:02:22 - Error parsing HTTP request header
java.io.EOFException: null
	at org.apache.tomcat.util.net.NioEndpoint$NioSocketWrapper.fillReadBuffer(NioEndpoint.java:1293)
	at org.apache.tomcat.util.net.NioEndpoint$NioSocketWrapper.read(NioEndpoint.java:1181)
	at org.apache.coyote.http11.Http11InputBuffer.fill(Http11InputBuffer.java:793)
	at org.apache.coyote.http11.Http11InputBuffer.parseRequestLine(Http11InputBuffer.java:348)
	at org.apache.coyote.http11.Http11Processor.service(Http11Processor.java:257)
	at org.apache.coyote.AbstractProcessorLight.process(AbstractProcessorLight.java:63)
	at org.apache.coyote.AbstractProtocol$ConnectionHandler.process(AbstractProtocol.java:904)
	at org.apache.tomcat.util.net.NioEndpoint$SocketProcessor.doRun(NioEndpoint.java:1741)
	at org.apache.tomcat.util.net.SocketProcessorBase.run(SocketProcessorBase.java:52)
	at org.apache.tomcat.util.threads.ThreadPoolExecutor.runWorker(ThreadPoolExecutor.java:1190)
	at org.apache.tomcat.util.threads.ThreadPoolExecutor$Worker.run(ThreadPoolExecutor.java:659)
	at org.apache.tomcat.util.threads.TaskThread$WrappingRunnable.run(TaskThread.java:63)
	at java.base/java.lang.Thread.run(Thread.java:842)
2024-11-19 23:02:22 - Error parsing HTTP request header
java.io.EOFException: null
	at org.apache.tomcat.util.net.NioEndpoint$NioSocketWrapper.fillReadBuffer(NioEndpoint.java:1293)
	at org.apache.tomcat.util.net.NioEndpoint$NioSocketWrapper.read(NioEndpoint.java:1181)
	at org.apache.coyote.http11.Http11InputBuffer.fill(Http11InputBuffer.java:793)
	at org.apache.coyote.http11.Http11InputBuffer.parseRequestLine(Http11InputBuffer.java:348)
	at org.apache.coyote.http11.Http11Processor.service(Http11Processor.java:257)
	at org.apache.coyote.AbstractProcessorLight.process(AbstractProcessorLight.java:63)
	at org.apache.coyote.AbstractProtocol$ConnectionHandler.process(AbstractProtocol.java:904)
	at org.apache.tomcat.util.net.NioEndpoint$SocketProcessor.doRun(NioEndpoint.java:1741)
	at org.apache.tomcat.util.net.SocketProcessorBase.run(SocketProcessorBase.java:52)
	at org.apache.tomcat.util.threads.ThreadPoolExecutor.runWorker(ThreadPoolExecutor.java:1190)
	at org.apache.tomcat.util.threads.ThreadPoolExecutor$Worker.run(ThreadPoolExecutor.java:659)
	at org.apache.tomcat.util.threads.TaskThread$WrappingRunnable.run(TaskThread.java:63)
	at java.base/java.lang.Thread.run(Thread.java:842)
2024-11-19 23:02:22 - Error parsing HTTP request header
java.io.EOFException: null
	at org.apache.tomcat.util.net.NioEndpoint$NioSocketWrapper.fillReadBuffer(NioEndpoint.java:1293)
	at org.apache.tomcat.util.net.NioEndpoint$NioSocketWrapper.read(NioEndpoint.java:1181)
	at org.apache.coyote.http11.Http11InputBuffer.fill(Http11InputBuffer.java:793)
	at org.apache.coyote.http11.Http11InputBuffer.parseRequestLine(Http11InputBuffer.java:348)
	at org.apache.coyote.http11.Http11Processor.service(Http11Processor.java:257)
	at org.apache.coyote.AbstractProcessorLight.process(AbstractProcessorLight.java:63)
	at org.apache.coyote.AbstractProtocol$ConnectionHandler.process(AbstractProtocol.java:904)
	at org.apache.tomcat.util.net.NioEndpoint$SocketProcessor.doRun(NioEndpoint.java:1741)
	at org.apache.tomcat.util.net.SocketProcessorBase.run(SocketProcessorBase.java:52)
	at org.apache.tomcat.util.threads.ThreadPoolExecutor.runWorker(ThreadPoolExecutor.java:1190)
	at org.apache.tomcat.util.threads.ThreadPoolExecutor$Worker.run(ThreadPoolExecutor.java:659)
	at org.apache.tomcat.util.threads.TaskThread$WrappingRunnable.run(TaskThread.java:63)
	at java.base/java.lang.Thread.run(Thread.java:842)
2024-11-19 23:02:22 - Error parsing HTTP request header
java.io.EOFException: null
	at org.apache.tomcat.util.net.NioEndpoint$NioSocketWrapper.fillReadBuffer(NioEndpoint.java:1293)
	at org.apache.tomcat.util.net.NioEndpoint$NioSocketWrapper.read(NioEndpoint.java:1181)
	at org.apache.coyote.http11.Http11InputBuffer.fill(Http11InputBuffer.java:793)
	at org.apache.coyote.http11.Http11InputBuffer.parseRequestLine(Http11InputBuffer.java:348)
	at org.apache.coyote.http11.Http11Processor.service(Http11Processor.java:257)
	at org.apache.coyote.AbstractProcessorLight.process(AbstractProcessorLight.java:63)
	at org.apache.coyote.AbstractProtocol$ConnectionHandler.process(AbstractProtocol.java:904)
	at org.apache.tomcat.util.net.NioEndpoint$SocketProcessor.doRun(NioEndpoint.java:1741)
	at org.apache.tomcat.util.net.SocketProcessorBase.run(SocketProcessorBase.java:52)
	at org.apache.tomcat.util.threads.ThreadPoolExecutor.runWorker(ThreadPoolExecutor.java:1190)
	at org.apache.tomcat.util.threads.ThreadPoolExecutor$Worker.run(ThreadPoolExecutor.java:659)
	at org.apache.tomcat.util.threads.TaskThread$WrappingRunnable.run(TaskThread.java:63)
	at java.base/java.lang.Thread.run(Thread.java:842)
2024-11-19 23:02:22 - Error state [CLOSE_CONNECTION_NOW] reported while processing request
java.io.EOFException: null
	at org.apache.tomcat.util.net.NioEndpoint$NioSocketWrapper.fillReadBuffer(NioEndpoint.java:1293)
	at org.apache.tomcat.util.net.NioEndpoint$NioSocketWrapper.read(NioEndpoint.java:1181)
	at org.apache.coyote.http11.Http11InputBuffer.fill(Http11InputBuffer.java:793)
	at org.apache.coyote.http11.Http11InputBuffer.parseRequestLine(Http11InputBuffer.java:348)
	at org.apache.coyote.http11.Http11Processor.service(Http11Processor.java:257)
	at org.apache.coyote.AbstractProcessorLight.process(AbstractProcessorLight.java:63)
	at org.apache.coyote.AbstractProtocol$ConnectionHandler.process(AbstractProtocol.java:904)
	at org.apache.tomcat.util.net.NioEndpoint$SocketProcessor.doRun(NioEndpoint.java:1741)
	at org.apache.tomcat.util.net.SocketProcessorBase.run(SocketProcessorBase.java:52)
	at org.apache.tomcat.util.threads.ThreadPoolExecutor.runWorker(ThreadPoolExecutor.java:1190)
	at org.apache.tomcat.util.threads.ThreadPoolExecutor$Worker.run(ThreadPoolExecutor.java:659)
	at org.apache.tomcat.util.threads.TaskThread$WrappingRunnable.run(TaskThread.java:63)
	at java.base/java.lang.Thread.run(Thread.java:842)
2024-11-19 23:02:22 - Error parsing HTTP request header
java.io.EOFException: null
	at org.apache.tomcat.util.net.NioEndpoint$NioSocketWrapper.fillReadBuffer(NioEndpoint.java:1293)
	at org.apache.tomcat.util.net.NioEndpoint$NioSocketWrapper.read(NioEndpoint.java:1181)
	at org.apache.coyote.http11.Http11InputBuffer.fill(Http11InputBuffer.java:793)
	at org.apache.coyote.http11.Http11InputBuffer.parseRequestLine(Http11InputBuffer.java:348)
	at org.apache.coyote.http11.Http11Processor.service(Http11Processor.java:257)
	at org.apache.coyote.AbstractProcessorLight.process(AbstractProcessorLight.java:63)
	at org.apache.coyote.AbstractProtocol$ConnectionHandler.process(AbstractProtocol.java:904)
	at org.apache.tomcat.util.net.NioEndpoint$SocketProcessor.doRun(NioEndpoint.java:1741)
	at org.apache.tomcat.util.net.SocketProcessorBase.run(SocketProcessorBase.java:52)
	at org.apache.tomcat.util.threads.ThreadPoolExecutor.runWorker(ThreadPoolExecutor.java:1190)
	at org.apache.tomcat.util.threads.ThreadPoolExecutor$Worker.run(ThreadPoolExecutor.java:659)
	at org.apache.tomcat.util.threads.TaskThread$WrappingRunnable.run(TaskThread.java:63)
	at java.base/java.lang.Thread.run(Thread.java:842)
2024-11-19 23:02:22 - Error state [CLOSE_CONNECTION_NOW] reported while processing request
java.io.EOFException: null
	at org.apache.tomcat.util.net.NioEndpoint$NioSocketWrapper.fillReadBuffer(NioEndpoint.java:1293)
	at org.apache.tomcat.util.net.NioEndpoint$NioSocketWrapper.read(NioEndpoint.java:1181)
	at org.apache.coyote.http11.Http11InputBuffer.fill(Http11InputBuffer.java:793)
	at org.apache.coyote.http11.Http11InputBuffer.parseRequestLine(Http11InputBuffer.java:348)
	at org.apache.coyote.http11.Http11Processor.service(Http11Processor.java:257)
	at org.apache.coyote.AbstractProcessorLight.process(AbstractProcessorLight.java:63)
	at org.apache.coyote.AbstractProtocol$ConnectionHandler.process(AbstractProtocol.java:904)
	at org.apache.tomcat.util.net.NioEndpoint$SocketProcessor.doRun(NioEndpoint.java:1741)
	at org.apache.tomcat.util.net.SocketProcessorBase.run(SocketProcessorBase.java:52)
	at org.apache.tomcat.util.threads.ThreadPoolExecutor.runWorker(ThreadPoolExecutor.java:1190)
	at org.apache.tomcat.util.threads.ThreadPoolExecutor$Worker.run(ThreadPoolExecutor.java:659)
	at org.apache.tomcat.util.threads.TaskThread$WrappingRunnable.run(TaskThread.java:63)
	at java.base/java.lang.Thread.run(Thread.java:842)
2024-11-19 23:02:22 - Error state [CLOSE_CONNECTION_NOW] reported while processing request
java.io.EOFException: null
	at org.apache.tomcat.util.net.NioEndpoint$NioSocketWrapper.fillReadBuffer(NioEndpoint.java:1293)
	at org.apache.tomcat.util.net.NioEndpoint$NioSocketWrapper.read(NioEndpoint.java:1181)
	at org.apache.coyote.http11.Http11InputBuffer.fill(Http11InputBuffer.java:793)
	at org.apache.coyote.http11.Http11InputBuffer.parseRequestLine(Http11InputBuffer.java:348)
	at org.apache.coyote.http11.Http11Processor.service(Http11Processor.java:257)
	at org.apache.coyote.AbstractProcessorLight.process(AbstractProcessorLight.java:63)
	at org.apache.coyote.AbstractProtocol$ConnectionHandler.process(AbstractProtocol.java:904)
	at org.apache.tomcat.util.net.NioEndpoint$SocketProcessor.doRun(NioEndpoint.java:1741)
	at org.apache.tomcat.util.net.SocketProcessorBase.run(SocketProcessorBase.java:52)
	at org.apache.tomcat.util.threads.ThreadPoolExecutor.runWorker(ThreadPoolExecutor.java:1190)
	at org.apache.tomcat.util.threads.ThreadPoolExecutor$Worker.run(ThreadPoolExecutor.java:659)
	at org.apache.tomcat.util.threads.TaskThread$WrappingRunnable.run(TaskThread.java:63)
	at java.base/java.lang.Thread.run(Thread.java:842)
2024-11-19 23:02:22 - Error state [CLOSE_CONNECTION_NOW] reported while processing request
java.io.EOFException: null
	at org.apache.tomcat.util.net.NioEndpoint$NioSocketWrapper.fillReadBuffer(NioEndpoint.java:1293)
	at org.apache.tomcat.util.net.NioEndpoint$NioSocketWrapper.read(NioEndpoint.java:1181)
	at org.apache.coyote.http11.Http11InputBuffer.fill(Http11InputBuffer.java:793)
	at org.apache.coyote.http11.Http11InputBuffer.parseRequestLine(Http11InputBuffer.java:348)
	at org.apache.coyote.http11.Http11Processor.service(Http11Processor.java:257)
	at org.apache.coyote.AbstractProcessorLight.process(AbstractProcessorLight.java:63)
	at org.apache.coyote.AbstractProtocol$ConnectionHandler.process(AbstractProtocol.java:904)
	at org.apache.tomcat.util.net.NioEndpoint$SocketProcessor.doRun(NioEndpoint.java:1741)
	at org.apache.tomcat.util.net.SocketProcessorBase.run(SocketProcessorBase.java:52)
	at org.apache.tomcat.util.threads.ThreadPoolExecutor.runWorker(ThreadPoolExecutor.java:1190)
	at org.apache.tomcat.util.threads.ThreadPoolExecutor$Worker.run(ThreadPoolExecutor.java:659)
	at org.apache.tomcat.util.threads.TaskThread$WrappingRunnable.run(TaskThread.java:63)
	at java.base/java.lang.Thread.run(Thread.java:842)
2024-11-19 23:02:22 - Error state [CLOSE_CONNECTION_NOW] reported while processing request
java.io.EOFException: null
	at org.apache.tomcat.util.net.NioEndpoint$NioSocketWrapper.fillReadBuffer(NioEndpoint.java:1293)
	at org.apache.tomcat.util.net.NioEndpoint$NioSocketWrapper.read(NioEndpoint.java:1181)
	at org.apache.coyote.http11.Http11InputBuffer.fill(Http11InputBuffer.java:793)
	at org.apache.coyote.http11.Http11InputBuffer.parseRequestLine(Http11InputBuffer.java:348)
	at org.apache.coyote.http11.Http11Processor.service(Http11Processor.java:257)
	at org.apache.coyote.AbstractProcessorLight.process(AbstractProcessorLight.java:63)
	at org.apache.coyote.AbstractProtocol$ConnectionHandler.process(AbstractProtocol.java:904)
	at org.apache.tomcat.util.net.NioEndpoint$SocketProcessor.doRun(NioEndpoint.java:1741)
	at org.apache.tomcat.util.net.SocketProcessorBase.run(SocketProcessorBase.java:52)
	at org.apache.tomcat.util.threads.ThreadPoolExecutor.runWorker(ThreadPoolExecutor.java:1190)
	at org.apache.tomcat.util.threads.ThreadPoolExecutor$Worker.run(ThreadPoolExecutor.java:659)
	at org.apache.tomcat.util.threads.TaskThread$WrappingRunnable.run(TaskThread.java:63)
	at java.base/java.lang.Thread.run(Thread.java:842)
2024-11-19 23:02:32 - Error parsing HTTP request header
java.io.EOFException: null
	at org.apache.tomcat.util.net.NioEndpoint$NioSocketWrapper.fillReadBuffer(NioEndpoint.java:1293)
	at org.apache.tomcat.util.net.NioEndpoint$NioSocketWrapper.read(NioEndpoint.java:1181)
	at org.apache.coyote.http11.Http11InputBuffer.fill(Http11InputBuffer.java:793)
	at org.apache.coyote.http11.Http11InputBuffer.parseRequestLine(Http11InputBuffer.java:348)
	at org.apache.coyote.http11.Http11Processor.service(Http11Processor.java:257)
	at org.apache.coyote.AbstractProcessorLight.process(AbstractProcessorLight.java:63)
	at org.apache.coyote.AbstractProtocol$ConnectionHandler.process(AbstractProtocol.java:904)
	at org.apache.tomcat.util.net.NioEndpoint$SocketProcessor.doRun(NioEndpoint.java:1741)
	at org.apache.tomcat.util.net.SocketProcessorBase.run(SocketProcessorBase.java:52)
	at org.apache.tomcat.util.threads.ThreadPoolExecutor.runWorker(ThreadPoolExecutor.java:1190)
	at org.apache.tomcat.util.threads.ThreadPoolExecutor$Worker.run(ThreadPoolExecutor.java:659)
	at org.apache.tomcat.util.threads.TaskThread$WrappingRunnable.run(TaskThread.java:63)
	at java.base/java.lang.Thread.run(Thread.java:842)
2024-11-19 23:02:32 - Error parsing HTTP request header
java.io.EOFException: null
	at org.apache.tomcat.util.net.NioEndpoint$NioSocketWrapper.fillReadBuffer(NioEndpoint.java:1293)
	at org.apache.tomcat.util.net.NioEndpoint$NioSocketWrapper.read(NioEndpoint.java:1181)
	at org.apache.coyote.http11.Http11InputBuffer.fill(Http11InputBuffer.java:793)
	at org.apache.coyote.http11.Http11InputBuffer.parseRequestLine(Http11InputBuffer.java:348)
	at org.apache.coyote.http11.Http11Processor.service(Http11Processor.java:257)
	at org.apache.coyote.AbstractProcessorLight.process(AbstractProcessorLight.java:63)
	at org.apache.coyote.AbstractProtocol$ConnectionHandler.process(AbstractProtocol.java:904)
	at org.apache.tomcat.util.net.NioEndpoint$SocketProcessor.doRun(NioEndpoint.java:1741)
	at org.apache.tomcat.util.net.SocketProcessorBase.run(SocketProcessorBase.java:52)
	at org.apache.tomcat.util.threads.ThreadPoolExecutor.runWorker(ThreadPoolExecutor.java:1190)
	at org.apache.tomcat.util.threads.ThreadPoolExecutor$Worker.run(ThreadPoolExecutor.java:659)
	at org.apache.tomcat.util.threads.TaskThread$WrappingRunnable.run(TaskThread.java:63)
	at java.base/java.lang.Thread.run(Thread.java:842)
2024-11-19 23:02:32 - Error parsing HTTP request header
java.io.EOFException: null
	at org.apache.tomcat.util.net.NioEndpoint$NioSocketWrapper.fillReadBuffer(NioEndpoint.java:1293)
	at org.apache.tomcat.util.net.NioEndpoint$NioSocketWrapper.read(NioEndpoint.java:1181)
	at org.apache.coyote.http11.Http11InputBuffer.fill(Http11InputBuffer.java:793)
	at org.apache.coyote.http11.Http11InputBuffer.parseRequestLine(Http11InputBuffer.java:348)
	at org.apache.coyote.http11.Http11Processor.service(Http11Processor.java:257)
	at org.apache.coyote.AbstractProcessorLight.process(AbstractProcessorLight.java:63)
	at org.apache.coyote.AbstractProtocol$ConnectionHandler.process(AbstractProtocol.java:904)
	at org.apache.tomcat.util.net.NioEndpoint$SocketProcessor.doRun(NioEndpoint.java:1741)
	at org.apache.tomcat.util.net.SocketProcessorBase.run(SocketProcessorBase.java:52)
	at org.apache.tomcat.util.threads.ThreadPoolExecutor.runWorker(ThreadPoolExecutor.java:1190)
	at org.apache.tomcat.util.threads.ThreadPoolExecutor$Worker.run(ThreadPoolExecutor.java:659)
	at org.apache.tomcat.util.threads.TaskThread$WrappingRunnable.run(TaskThread.java:63)
	at java.base/java.lang.Thread.run(Thread.java:842)
2024-11-19 23:02:32 - Error parsing HTTP request header
java.io.EOFException: null
	at org.apache.tomcat.util.net.NioEndpoint$NioSocketWrapper.fillReadBuffer(NioEndpoint.java:1293)
	at org.apache.tomcat.util.net.NioEndpoint$NioSocketWrapper.read(NioEndpoint.java:1181)
	at org.apache.coyote.http11.Http11InputBuffer.fill(Http11InputBuffer.java:793)
	at org.apache.coyote.http11.Http11InputBuffer.parseRequestLine(Http11InputBuffer.java:348)
	at org.apache.coyote.http11.Http11Processor.service(Http11Processor.java:257)
	at org.apache.coyote.AbstractProcessorLight.process(AbstractProcessorLight.java:63)
	at org.apache.coyote.AbstractProtocol$ConnectionHandler.process(AbstractProtocol.java:904)
	at org.apache.tomcat.util.net.NioEndpoint$SocketProcessor.doRun(NioEndpoint.java:1741)
	at org.apache.tomcat.util.net.SocketProcessorBase.run(SocketProcessorBase.java:52)
	at org.apache.tomcat.util.threads.ThreadPoolExecutor.runWorker(ThreadPoolExecutor.java:1190)
	at org.apache.tomcat.util.threads.ThreadPoolExecutor$Worker.run(ThreadPoolExecutor.java:659)
	at org.apache.tomcat.util.threads.TaskThread$WrappingRunnable.run(TaskThread.java:63)
	at java.base/java.lang.Thread.run(Thread.java:842)
2024-11-19 23:02:32 - Error state [CLOSE_CONNECTION_NOW] reported while processing request
java.io.EOFException: null
	at org.apache.tomcat.util.net.NioEndpoint$NioSocketWrapper.fillReadBuffer(NioEndpoint.java:1293)
	at org.apache.tomcat.util.net.NioEndpoint$NioSocketWrapper.read(NioEndpoint.java:1181)
	at org.apache.coyote.http11.Http11InputBuffer.fill(Http11InputBuffer.java:793)
	at org.apache.coyote.http11.Http11InputBuffer.parseRequestLine(Http11InputBuffer.java:348)
	at org.apache.coyote.http11.Http11Processor.service(Http11Processor.java:257)
	at org.apache.coyote.AbstractProcessorLight.process(AbstractProcessorLight.java:63)
	at org.apache.coyote.AbstractProtocol$ConnectionHandler.process(AbstractProtocol.java:904)
	at org.apache.tomcat.util.net.NioEndpoint$SocketProcessor.doRun(NioEndpoint.java:1741)
	at org.apache.tomcat.util.net.SocketProcessorBase.run(SocketProcessorBase.java:52)
	at org.apache.tomcat.util.threads.ThreadPoolExecutor.runWorker(ThreadPoolExecutor.java:1190)
	at org.apache.tomcat.util.threads.ThreadPoolExecutor$Worker.run(ThreadPoolExecutor.java:659)
	at org.apache.tomcat.util.threads.TaskThread$WrappingRunnable.run(TaskThread.java:63)
	at java.base/java.lang.Thread.run(Thread.java:842)
2024-11-19 23:02:32 - Error state [CLOSE_CONNECTION_NOW] reported while processing request
java.io.EOFException: null
	at org.apache.tomcat.util.net.NioEndpoint$NioSocketWrapper.fillReadBuffer(NioEndpoint.java:1293)
	at org.apache.tomcat.util.net.NioEndpoint$NioSocketWrapper.read(NioEndpoint.java:1181)
	at org.apache.coyote.http11.Http11InputBuffer.fill(Http11InputBuffer.java:793)
	at org.apache.coyote.http11.Http11InputBuffer.parseRequestLine(Http11InputBuffer.java:348)
	at org.apache.coyote.http11.Http11Processor.service(Http11Processor.java:257)
	at org.apache.coyote.AbstractProcessorLight.process(AbstractProcessorLight.java:63)
	at org.apache.coyote.AbstractProtocol$ConnectionHandler.process(AbstractProtocol.java:904)
	at org.apache.tomcat.util.net.NioEndpoint$SocketProcessor.doRun(NioEndpoint.java:1741)
	at org.apache.tomcat.util.net.SocketProcessorBase.run(SocketProcessorBase.java:52)
	at org.apache.tomcat.util.threads.ThreadPoolExecutor.runWorker(ThreadPoolExecutor.java:1190)
	at org.apache.tomcat.util.threads.ThreadPoolExecutor$Worker.run(ThreadPoolExecutor.java:659)
	at org.apache.tomcat.util.threads.TaskThread$WrappingRunnable.run(TaskThread.java:63)
	at java.base/java.lang.Thread.run(Thread.java:842)
2024-11-19 23:02:32 - Error state [CLOSE_CONNECTION_NOW] reported while processing request
java.io.EOFException: null
	at org.apache.tomcat.util.net.NioEndpoint$NioSocketWrapper.fillReadBuffer(NioEndpoint.java:1293)
	at org.apache.tomcat.util.net.NioEndpoint$NioSocketWrapper.read(NioEndpoint.java:1181)
	at org.apache.coyote.http11.Http11InputBuffer.fill(Http11InputBuffer.java:793)
	at org.apache.coyote.http11.Http11InputBuffer.parseRequestLine(Http11InputBuffer.java:348)
	at org.apache.coyote.http11.Http11Processor.service(Http11Processor.java:257)
	at org.apache.coyote.AbstractProcessorLight.process(AbstractProcessorLight.java:63)
	at org.apache.coyote.AbstractProtocol$ConnectionHandler.process(AbstractProtocol.java:904)
	at org.apache.tomcat.util.net.NioEndpoint$SocketProcessor.doRun(NioEndpoint.java:1741)
	at org.apache.tomcat.util.net.SocketProcessorBase.run(SocketProcessorBase.java:52)
	at org.apache.tomcat.util.threads.ThreadPoolExecutor.runWorker(ThreadPoolExecutor.java:1190)
	at org.apache.tomcat.util.threads.ThreadPoolExecutor$Worker.run(ThreadPoolExecutor.java:659)
	at org.apache.tomcat.util.threads.TaskThread$WrappingRunnable.run(TaskThread.java:63)
	at java.base/java.lang.Thread.run(Thread.java:842)
2024-11-19 23:02:32 - Error state [CLOSE_CONNECTION_NOW] reported while processing request
java.io.EOFException: null
	at org.apache.tomcat.util.net.NioEndpoint$NioSocketWrapper.fillReadBuffer(NioEndpoint.java:1293)
	at org.apache.tomcat.util.net.NioEndpoint$NioSocketWrapper.read(NioEndpoint.java:1181)
	at org.apache.coyote.http11.Http11InputBuffer.fill(Http11InputBuffer.java:793)
	at org.apache.coyote.http11.Http11InputBuffer.parseRequestLine(Http11InputBuffer.java:348)
	at org.apache.coyote.http11.Http11Processor.service(Http11Processor.java:257)
	at org.apache.coyote.AbstractProcessorLight.process(AbstractProcessorLight.java:63)
	at org.apache.coyote.AbstractProtocol$ConnectionHandler.process(AbstractProtocol.java:904)
	at org.apache.tomcat.util.net.NioEndpoint$SocketProcessor.doRun(NioEndpoint.java:1741)
	at org.apache.tomcat.util.net.SocketProcessorBase.run(SocketProcessorBase.java:52)
	at org.apache.tomcat.util.threads.ThreadPoolExecutor.runWorker(ThreadPoolExecutor.java:1190)
	at org.apache.tomcat.util.threads.ThreadPoolExecutor$Worker.run(ThreadPoolExecutor.java:659)
	at org.apache.tomcat.util.threads.TaskThread$WrappingRunnable.run(TaskThread.java:63)
	at java.base/java.lang.Thread.run(Thread.java:842)
2024-11-19 23:05:50 - Error parsing HTTP request header
java.io.EOFException: null
	at org.apache.tomcat.util.net.NioEndpoint$NioSocketWrapper.fillReadBuffer(NioEndpoint.java:1293)
	at org.apache.tomcat.util.net.NioEndpoint$NioSocketWrapper.read(NioEndpoint.java:1181)
	at org.apache.coyote.http11.Http11InputBuffer.fill(Http11InputBuffer.java:793)
	at org.apache.coyote.http11.Http11InputBuffer.parseRequestLine(Http11InputBuffer.java:348)
	at org.apache.coyote.http11.Http11Processor.service(Http11Processor.java:257)
	at org.apache.coyote.AbstractProcessorLight.process(AbstractProcessorLight.java:63)
	at org.apache.coyote.AbstractProtocol$ConnectionHandler.process(AbstractProtocol.java:904)
	at org.apache.tomcat.util.net.NioEndpoint$SocketProcessor.doRun(NioEndpoint.java:1741)
	at org.apache.tomcat.util.net.SocketProcessorBase.run(SocketProcessorBase.java:52)
	at org.apache.tomcat.util.threads.ThreadPoolExecutor.runWorker(ThreadPoolExecutor.java:1190)
	at org.apache.tomcat.util.threads.ThreadPoolExecutor$Worker.run(ThreadPoolExecutor.java:659)
	at org.apache.tomcat.util.threads.TaskThread$WrappingRunnable.run(TaskThread.java:63)
	at java.base/java.lang.Thread.run(Thread.java:842)
2024-11-19 23:05:50 - Error parsing HTTP request header
java.io.EOFException: null
	at org.apache.tomcat.util.net.NioEndpoint$NioSocketWrapper.fillReadBuffer(NioEndpoint.java:1293)
	at org.apache.tomcat.util.net.NioEndpoint$NioSocketWrapper.read(NioEndpoint.java:1181)
	at org.apache.coyote.http11.Http11InputBuffer.fill(Http11InputBuffer.java:793)
	at org.apache.coyote.http11.Http11InputBuffer.parseRequestLine(Http11InputBuffer.java:348)
	at org.apache.coyote.http11.Http11Processor.service(Http11Processor.java:257)
	at org.apache.coyote.AbstractProcessorLight.process(AbstractProcessorLight.java:63)
	at org.apache.coyote.AbstractProtocol$ConnectionHandler.process(AbstractProtocol.java:904)
	at org.apache.tomcat.util.net.NioEndpoint$SocketProcessor.doRun(NioEndpoint.java:1741)
	at org.apache.tomcat.util.net.SocketProcessorBase.run(SocketProcessorBase.java:52)
	at org.apache.tomcat.util.threads.ThreadPoolExecutor.runWorker(ThreadPoolExecutor.java:1190)
	at org.apache.tomcat.util.threads.ThreadPoolExecutor$Worker.run(ThreadPoolExecutor.java:659)
	at org.apache.tomcat.util.threads.TaskThread$WrappingRunnable.run(TaskThread.java:63)
	at java.base/java.lang.Thread.run(Thread.java:842)
2024-11-19 23:05:50 - Error parsing HTTP request header
java.io.EOFException: null
	at org.apache.tomcat.util.net.NioEndpoint$NioSocketWrapper.fillReadBuffer(NioEndpoint.java:1293)
	at org.apache.tomcat.util.net.NioEndpoint$NioSocketWrapper.read(NioEndpoint.java:1181)
	at org.apache.coyote.http11.Http11InputBuffer.fill(Http11InputBuffer.java:793)
	at org.apache.coyote.http11.Http11InputBuffer.parseRequestLine(Http11InputBuffer.java:348)
	at org.apache.coyote.http11.Http11Processor.service(Http11Processor.java:257)
	at org.apache.coyote.AbstractProcessorLight.process(AbstractProcessorLight.java:63)
	at org.apache.coyote.AbstractProtocol$ConnectionHandler.process(AbstractProtocol.java:904)
	at org.apache.tomcat.util.net.NioEndpoint$SocketProcessor.doRun(NioEndpoint.java:1741)
	at org.apache.tomcat.util.net.SocketProcessorBase.run(SocketProcessorBase.java:52)
	at org.apache.tomcat.util.threads.ThreadPoolExecutor.runWorker(ThreadPoolExecutor.java:1190)
	at org.apache.tomcat.util.threads.ThreadPoolExecutor$Worker.run(ThreadPoolExecutor.java:659)
	at org.apache.tomcat.util.threads.TaskThread$WrappingRunnable.run(TaskThread.java:63)
	at java.base/java.lang.Thread.run(Thread.java:842)
2024-11-19 23:05:50 - Error parsing HTTP request header
java.io.EOFException: null
	at org.apache.tomcat.util.net.NioEndpoint$NioSocketWrapper.fillReadBuffer(NioEndpoint.java:1293)
	at org.apache.tomcat.util.net.NioEndpoint$NioSocketWrapper.read(NioEndpoint.java:1181)
	at org.apache.coyote.http11.Http11InputBuffer.fill(Http11InputBuffer.java:793)
	at org.apache.coyote.http11.Http11InputBuffer.parseRequestLine(Http11InputBuffer.java:348)
	at org.apache.coyote.http11.Http11Processor.service(Http11Processor.java:257)
	at org.apache.coyote.AbstractProcessorLight.process(AbstractProcessorLight.java:63)
	at org.apache.coyote.AbstractProtocol$ConnectionHandler.process(AbstractProtocol.java:904)
	at org.apache.tomcat.util.net.NioEndpoint$SocketProcessor.doRun(NioEndpoint.java:1741)
	at org.apache.tomcat.util.net.SocketProcessorBase.run(SocketProcessorBase.java:52)
	at org.apache.tomcat.util.threads.ThreadPoolExecutor.runWorker(ThreadPoolExecutor.java:1190)
	at org.apache.tomcat.util.threads.ThreadPoolExecutor$Worker.run(ThreadPoolExecutor.java:659)
	at org.apache.tomcat.util.threads.TaskThread$WrappingRunnable.run(TaskThread.java:63)
	at java.base/java.lang.Thread.run(Thread.java:842)
2024-11-19 23:05:50 - Error state [CLOSE_CONNECTION_NOW] reported while processing request
java.io.EOFException: null
	at org.apache.tomcat.util.net.NioEndpoint$NioSocketWrapper.fillReadBuffer(NioEndpoint.java:1293)
	at org.apache.tomcat.util.net.NioEndpoint$NioSocketWrapper.read(NioEndpoint.java:1181)
	at org.apache.coyote.http11.Http11InputBuffer.fill(Http11InputBuffer.java:793)
	at org.apache.coyote.http11.Http11InputBuffer.parseRequestLine(Http11InputBuffer.java:348)
	at org.apache.coyote.http11.Http11Processor.service(Http11Processor.java:257)
	at org.apache.coyote.AbstractProcessorLight.process(AbstractProcessorLight.java:63)
	at org.apache.coyote.AbstractProtocol$ConnectionHandler.process(AbstractProtocol.java:904)
	at org.apache.tomcat.util.net.NioEndpoint$SocketProcessor.doRun(NioEndpoint.java:1741)
	at org.apache.tomcat.util.net.SocketProcessorBase.run(SocketProcessorBase.java:52)
	at org.apache.tomcat.util.threads.ThreadPoolExecutor.runWorker(ThreadPoolExecutor.java:1190)
	at org.apache.tomcat.util.threads.ThreadPoolExecutor$Worker.run(ThreadPoolExecutor.java:659)
	at org.apache.tomcat.util.threads.TaskThread$WrappingRunnable.run(TaskThread.java:63)
	at java.base/java.lang.Thread.run(Thread.java:842)
2024-11-19 23:05:50 - Error state [CLOSE_CONNECTION_NOW] reported while processing request
java.io.EOFException: null
	at org.apache.tomcat.util.net.NioEndpoint$NioSocketWrapper.fillReadBuffer(NioEndpoint.java:1293)
	at org.apache.tomcat.util.net.NioEndpoint$NioSocketWrapper.read(NioEndpoint.java:1181)
	at org.apache.coyote.http11.Http11InputBuffer.fill(Http11InputBuffer.java:793)
	at org.apache.coyote.http11.Http11InputBuffer.parseRequestLine(Http11InputBuffer.java:348)
	at org.apache.coyote.http11.Http11Processor.service(Http11Processor.java:257)
	at org.apache.coyote.AbstractProcessorLight.process(AbstractProcessorLight.java:63)
	at org.apache.coyote.AbstractProtocol$ConnectionHandler.process(AbstractProtocol.java:904)
	at org.apache.tomcat.util.net.NioEndpoint$SocketProcessor.doRun(NioEndpoint.java:1741)
	at org.apache.tomcat.util.net.SocketProcessorBase.run(SocketProcessorBase.java:52)
	at org.apache.tomcat.util.threads.ThreadPoolExecutor.runWorker(ThreadPoolExecutor.java:1190)
	at org.apache.tomcat.util.threads.ThreadPoolExecutor$Worker.run(ThreadPoolExecutor.java:659)
	at org.apache.tomcat.util.threads.TaskThread$WrappingRunnable.run(TaskThread.java:63)
	at java.base/java.lang.Thread.run(Thread.java:842)
2024-11-19 23:05:50 - Error state [CLOSE_CONNECTION_NOW] reported while processing request
java.io.EOFException: null
	at org.apache.tomcat.util.net.NioEndpoint$NioSocketWrapper.fillReadBuffer(NioEndpoint.java:1293)
	at org.apache.tomcat.util.net.NioEndpoint$NioSocketWrapper.read(NioEndpoint.java:1181)
	at org.apache.coyote.http11.Http11InputBuffer.fill(Http11InputBuffer.java:793)
	at org.apache.coyote.http11.Http11InputBuffer.parseRequestLine(Http11InputBuffer.java:348)
	at org.apache.coyote.http11.Http11Processor.service(Http11Processor.java:257)
	at org.apache.coyote.AbstractProcessorLight.process(AbstractProcessorLight.java:63)
	at org.apache.coyote.AbstractProtocol$ConnectionHandler.process(AbstractProtocol.java:904)
	at org.apache.tomcat.util.net.NioEndpoint$SocketProcessor.doRun(NioEndpoint.java:1741)
	at org.apache.tomcat.util.net.SocketProcessorBase.run(SocketProcessorBase.java:52)
	at org.apache.tomcat.util.threads.ThreadPoolExecutor.runWorker(ThreadPoolExecutor.java:1190)
	at org.apache.tomcat.util.threads.ThreadPoolExecutor$Worker.run(ThreadPoolExecutor.java:659)
	at org.apache.tomcat.util.threads.TaskThread$WrappingRunnable.run(TaskThread.java:63)
	at java.base/java.lang.Thread.run(Thread.java:842)
2024-11-19 23:05:50 - Error state [CLOSE_CONNECTION_NOW] reported while processing request
java.io.EOFException: null
	at org.apache.tomcat.util.net.NioEndpoint$NioSocketWrapper.fillReadBuffer(NioEndpoint.java:1293)
	at org.apache.tomcat.util.net.NioEndpoint$NioSocketWrapper.read(NioEndpoint.java:1181)
	at org.apache.coyote.http11.Http11InputBuffer.fill(Http11InputBuffer.java:793)
	at org.apache.coyote.http11.Http11InputBuffer.parseRequestLine(Http11InputBuffer.java:348)
	at org.apache.coyote.http11.Http11Processor.service(Http11Processor.java:257)
	at org.apache.coyote.AbstractProcessorLight.process(AbstractProcessorLight.java:63)
	at org.apache.coyote.AbstractProtocol$ConnectionHandler.process(AbstractProtocol.java:904)
	at org.apache.tomcat.util.net.NioEndpoint$SocketProcessor.doRun(NioEndpoint.java:1741)
	at org.apache.tomcat.util.net.SocketProcessorBase.run(SocketProcessorBase.java:52)
	at org.apache.tomcat.util.threads.ThreadPoolExecutor.runWorker(ThreadPoolExecutor.java:1190)
	at org.apache.tomcat.util.threads.ThreadPoolExecutor$Worker.run(ThreadPoolExecutor.java:659)
	at org.apache.tomcat.util.threads.TaskThread$WrappingRunnable.run(TaskThread.java:63)
	at java.base/java.lang.Thread.run(Thread.java:842)
2024-11-19 23:49:27 - Starting AmaddaBackApplication using Java 17.0.11 with PID 24464 (C:\Users\82103\AMADDA-PROJECT3\AMADDA-PROJECT-BACK\build\classes\java\main started by 82103 in C:\Users\82103\AMADDA-PROJECT3\AMADDA-PROJECT-BACK)
2024-11-19 23:49:27 - No active profile set, falling back to 1 default profile: "default"
2024-11-19 23:49:27 - The Class-Path manifest attribute in C:\Users\82103\.gradle\caches\modules-2\files-2.1\org.glassfish.jaxb\jaxb-core\2.3.0\b40bc6ae4bc14480204e143377ce6f75ebba5066\jaxb-core-2.3.0.jar referenced one or more files that do not exist: file:/C:/Users/82103/.gradle/caches/modules-2/files-2.1/org.glassfish.jaxb/jaxb-core/2.3.0/b40bc6ae4bc14480204e143377ce6f75ebba5066/jaxb-api-2.3.0.jar,file:/C:/Users/82103/.gradle/caches/modules-2/files-2.1/org.glassfish.jaxb/jaxb-core/2.3.0/b40bc6ae4bc14480204e143377ce6f75ebba5066/txw2-2.3.0.jar,file:/C:/Users/82103/.gradle/caches/modules-2/files-2.1/org.glassfish.jaxb/jaxb-core/2.3.0/b40bc6ae4bc14480204e143377ce6f75ebba5066/istack-commons-runtime-3.0.5.jar
2024-11-19 23:49:27 - Devtools property defaults active! Set 'spring.devtools.add-properties' to 'false' to disable
2024-11-19 23:49:27 - For additional web related logging consider setting the 'logging.level.web' property to 'DEBUG'
2024-11-19 23:49:32 - Bootstrapping Spring Data JPA repositories in DEFAULT mode.
2024-11-19 23:49:33 - Finished Spring Data repository scanning in 829 ms. Found 22 JPA repository interfaces.
2024-11-19 23:49:36 - Tomcat initialized with port 7777 (http)
2024-11-19 23:49:36 - Starting service [Tomcat]
2024-11-19 23:49:36 - Starting Servlet engine: [Apache Tomcat/10.1.28]
2024-11-19 23:49:36 - Initializing Spring embedded WebApplicationContext
2024-11-19 23:49:36 - Root WebApplicationContext: initialization completed in 9261 ms
2024-11-19 23:49:37 - HHH000204: Processing PersistenceUnitInfo [name: default]
2024-11-19 23:49:37 - HHH000412: Hibernate ORM core version 6.4.10.Final
2024-11-19 23:49:37 - HHH000026: Second-level cache disabled
2024-11-19 23:49:38 - No LoadTimeWeaver setup: ignoring JPA class transformer
2024-11-19 23:49:38 - HikariPool-1 - Starting...
2024-11-19 23:49:39 - HikariPool-1 - Added connection com.mysql.cj.jdbc.ConnectionImpl@4d395df4
2024-11-19 23:49:39 - HikariPool-1 - Start completed.
2024-11-19 23:49:39 - HHH90000025: MySQLDialect does not need to be specified explicitly using 'hibernate.dialect' (remove the property setting and it will be selected by default)
2024-11-19 23:49:43 - HHH000489: No JTA platform available (set 'hibernate.transaction.jta.platform' to enable JTA platform integration)
2024-11-19 23:49:43 - GenerationTarget encountered exception accepting command : Error executing DDL "
    alter table post 
       modify column user_id varchar(255)" via JDBC [Referencing column 'user_id' and referenced column 'user_id' in foreign key constraint 'post_ibfk_2' are incompatible.]
org.hibernate.tool.schema.spi.CommandAcceptanceException: Error executing DDL "
    alter table post 
       modify column user_id varchar(255)" via JDBC [Referencing column 'user_id' and referenced column 'user_id' in foreign key constraint 'post_ibfk_2' are incompatible.]
	at org.hibernate.tool.schema.internal.exec.GenerationTargetToDatabase.accept(GenerationTargetToDatabase.java:94)
	at org.hibernate.tool.schema.internal.AbstractSchemaMigrator.applySqlString(AbstractSchemaMigrator.java:574)
	at org.hibernate.tool.schema.internal.AbstractSchemaMigrator.applySqlStrings(AbstractSchemaMigrator.java:514)
	at org.hibernate.tool.schema.internal.AbstractSchemaMigrator.migrateTable(AbstractSchemaMigrator.java:333)
	at org.hibernate.tool.schema.internal.GroupedSchemaMigratorImpl.performTablesMigration(GroupedSchemaMigratorImpl.java:84)
	at org.hibernate.tool.schema.internal.AbstractSchemaMigrator.performMigration(AbstractSchemaMigrator.java:232)
	at org.hibernate.tool.schema.internal.AbstractSchemaMigrator.doMigration(AbstractSchemaMigrator.java:117)
	at org.hibernate.tool.schema.spi.SchemaManagementToolCoordinator.performDatabaseAction(SchemaManagementToolCoordinator.java:280)
	at org.hibernate.tool.schema.spi.SchemaManagementToolCoordinator.lambda$process$5(SchemaManagementToolCoordinator.java:144)
	at java.base/java.util.HashMap.forEach(HashMap.java:1421)
	at org.hibernate.tool.schema.spi.SchemaManagementToolCoordinator.process(SchemaManagementToolCoordinator.java:141)
	at org.hibernate.boot.internal.SessionFactoryObserverForSchemaExport.sessionFactoryCreated(SessionFactoryObserverForSchemaExport.java:37)
	at org.hibernate.internal.SessionFactoryObserverChain.sessionFactoryCreated(SessionFactoryObserverChain.java:35)
	at org.hibernate.internal.SessionFactoryImpl.<init>(SessionFactoryImpl.java:315)
	at org.hibernate.boot.internal.SessionFactoryBuilderImpl.build(SessionFactoryBuilderImpl.java:450)
	at org.hibernate.jpa.boot.internal.EntityManagerFactoryBuilderImpl.build(EntityManagerFactoryBuilderImpl.java:1507)
	at org.springframework.orm.jpa.vendor.SpringHibernateJpaPersistenceProvider.createContainerEntityManagerFactory(SpringHibernateJpaPersistenceProvider.java:75)
	at org.springframework.orm.jpa.LocalContainerEntityManagerFactoryBean.createNativeEntityManagerFactory(LocalContainerEntityManagerFactoryBean.java:390)
	at org.springframework.orm.jpa.AbstractEntityManagerFactoryBean.buildNativeEntityManagerFactory(AbstractEntityManagerFactoryBean.java:409)
	at org.springframework.orm.jpa.AbstractEntityManagerFactoryBean.afterPropertiesSet(AbstractEntityManagerFactoryBean.java:396)
	at org.springframework.orm.jpa.LocalContainerEntityManagerFactoryBean.afterPropertiesSet(LocalContainerEntityManagerFactoryBean.java:366)
	at org.springframework.beans.factory.support.AbstractAutowireCapableBeanFactory.invokeInitMethods(AbstractAutowireCapableBeanFactory.java:1853)
	at org.springframework.beans.factory.support.AbstractAutowireCapableBeanFactory.initializeBean(AbstractAutowireCapableBeanFactory.java:1802)
	at org.springframework.beans.factory.support.AbstractAutowireCapableBeanFactory.doCreateBean(AbstractAutowireCapableBeanFactory.java:600)
	at org.springframework.beans.factory.support.AbstractAutowireCapableBeanFactory.createBean(AbstractAutowireCapableBeanFactory.java:522)
	at org.springframework.beans.factory.support.AbstractBeanFactory.lambda$doGetBean$0(AbstractBeanFactory.java:337)
	at org.springframework.beans.factory.support.DefaultSingletonBeanRegistry.getSingleton(DefaultSingletonBeanRegistry.java:234)
	at org.springframework.beans.factory.support.AbstractBeanFactory.doGetBean(AbstractBeanFactory.java:335)
	at org.springframework.beans.factory.support.AbstractBeanFactory.getBean(AbstractBeanFactory.java:205)
	at org.springframework.context.support.AbstractApplicationContext.finishBeanFactoryInitialization(AbstractApplicationContext.java:954)
	at org.springframework.context.support.AbstractApplicationContext.refresh(AbstractApplicationContext.java:625)
	at org.springframework.boot.web.servlet.context.ServletWebServerApplicationContext.refresh(ServletWebServerApplicationContext.java:146)
	at org.springframework.boot.SpringApplication.refresh(SpringApplication.java:754)
	at org.springframework.boot.SpringApplication.refreshContext(SpringApplication.java:456)
	at org.springframework.boot.SpringApplication.run(SpringApplication.java:335)
	at org.springframework.boot.SpringApplication.run(SpringApplication.java:1363)
	at org.springframework.boot.SpringApplication.run(SpringApplication.java:1352)
	at amadda_back.amadda_back.AmaddaBackApplication.main(AmaddaBackApplication.java:11)
	at java.base/jdk.internal.reflect.NativeMethodAccessorImpl.invoke0(Native Method)
	at java.base/jdk.internal.reflect.NativeMethodAccessorImpl.invoke(NativeMethodAccessorImpl.java:77)
	at java.base/jdk.internal.reflect.DelegatingMethodAccessorImpl.invoke(DelegatingMethodAccessorImpl.java:43)
	at java.base/java.lang.reflect.Method.invoke(Method.java:568)
	at org.springframework.boot.devtools.restart.RestartLauncher.run(RestartLauncher.java:50)
Caused by: java.sql.SQLException: Referencing column 'user_id' and referenced column 'user_id' in foreign key constraint 'post_ibfk_2' are incompatible.
	at com.mysql.cj.jdbc.exceptions.SQLError.createSQLException(SQLError.java:130)
	at com.mysql.cj.jdbc.exceptions.SQLExceptionsMapping.translateException(SQLExceptionsMapping.java:122)
	at com.mysql.cj.jdbc.StatementImpl.executeInternal(StatementImpl.java:770)
	at com.mysql.cj.jdbc.StatementImpl.execute(StatementImpl.java:653)
	at com.zaxxer.hikari.pool.ProxyStatement.execute(ProxyStatement.java:94)
	at com.zaxxer.hikari.pool.HikariProxyStatement.execute(HikariProxyStatement.java)
	at org.hibernate.tool.schema.internal.exec.GenerationTargetToDatabase.accept(GenerationTargetToDatabase.java:80)
	... 42 common frames omitted
2024-11-19 23:49:44 - Initialized JPA EntityManagerFactory for persistence unit 'default'
2024-11-19 23:49:45 - Hibernate is in classpath; If applicable, HQL parser will be used.
2024-11-19 23:49:51 - Exception encountered during context initialization - cancelling refresh attempt: org.springframework.beans.factory.UnsatisfiedDependencyException: Error creating bean with name 'controller' defined in file [C:\Users\82103\AMADDA-PROJECT3\AMADDA-PROJECT-BACK\build\classes\java\main\amadda_back\amadda_back\View\ctrl\Controller.class]: Unsatisfied dependency expressed through constructor parameter 0: Error creating bean with name 'postService': Unsatisfied dependency expressed through field 'purchaseDAO': Error creating bean with name 'purchaseDAO' defined in amadda_back.amadda_back.View.dao.PurchaseDAO defined in @EnableJpaRepositories declared on JpaRepositoriesRegistrar.EnableJpaRepositoriesConfiguration: Could not create query for public abstract java.util.List amadda_back.amadda_back.View.dao.PurchaseDAO.findByUserId(java.lang.Integer); Reason: Failed to create query for method public abstract java.util.List amadda_back.amadda_back.View.dao.PurchaseDAO.findByUserId(java.lang.Integer); No property 'id' found for type 'UserEntity'; Traversed path: PurchaseEntity.user
2024-11-19 23:49:51 - Closing JPA EntityManagerFactory for persistence unit 'default'
2024-11-19 23:49:51 - HikariPool-1 - Shutdown initiated...
2024-11-19 23:49:51 - HikariPool-1 - Shutdown completed.
2024-11-19 23:49:51 - Stopping service [Tomcat]
2024-11-19 23:49:51 - 

Error starting ApplicationContext. To display the condition evaluation report re-run your application with 'debug' enabled.
2024-11-19 23:49:51 - Application run failed
org.springframework.beans.factory.UnsatisfiedDependencyException: Error creating bean with name 'controller' defined in file [C:\Users\82103\AMADDA-PROJECT3\AMADDA-PROJECT-BACK\build\classes\java\main\amadda_back\amadda_back\View\ctrl\Controller.class]: Unsatisfied dependency expressed through constructor parameter 0: Error creating bean with name 'postService': Unsatisfied dependency expressed through field 'purchaseDAO': Error creating bean with name 'purchaseDAO' defined in amadda_back.amadda_back.View.dao.PurchaseDAO defined in @EnableJpaRepositories declared on JpaRepositoriesRegistrar.EnableJpaRepositoriesConfiguration: Could not create query for public abstract java.util.List amadda_back.amadda_back.View.dao.PurchaseDAO.findByUserId(java.lang.Integer); Reason: Failed to create query for method public abstract java.util.List amadda_back.amadda_back.View.dao.PurchaseDAO.findByUserId(java.lang.Integer); No property 'id' found for type 'UserEntity'; Traversed path: PurchaseEntity.user
	at org.springframework.beans.factory.support.ConstructorResolver.createArgumentArray(ConstructorResolver.java:795)
	at org.springframework.beans.factory.support.ConstructorResolver.autowireConstructor(ConstructorResolver.java:237)
	at org.springframework.beans.factory.support.AbstractAutowireCapableBeanFactory.autowireConstructor(AbstractAutowireCapableBeanFactory.java:1375)
	at org.springframework.beans.factory.support.AbstractAutowireCapableBeanFactory.createBeanInstance(AbstractAutowireCapableBeanFactory.java:1212)
	at org.springframework.beans.factory.support.AbstractAutowireCapableBeanFactory.doCreateBean(AbstractAutowireCapableBeanFactory.java:562)
	at org.springframework.beans.factory.support.AbstractAutowireCapableBeanFactory.createBean(AbstractAutowireCapableBeanFactory.java:522)
	at org.springframework.beans.factory.support.AbstractBeanFactory.lambda$doGetBean$0(AbstractBeanFactory.java:337)
	at org.springframework.beans.factory.support.DefaultSingletonBeanRegistry.getSingleton(DefaultSingletonBeanRegistry.java:234)
	at org.springframework.beans.factory.support.AbstractBeanFactory.doGetBean(AbstractBeanFactory.java:335)
	at org.springframework.beans.factory.support.AbstractBeanFactory.getBean(AbstractBeanFactory.java:200)
	at org.springframework.beans.factory.support.DefaultListableBeanFactory.preInstantiateSingletons(DefaultListableBeanFactory.java:975)
	at org.springframework.context.support.AbstractApplicationContext.finishBeanFactoryInitialization(AbstractApplicationContext.java:971)
	at org.springframework.context.support.AbstractApplicationContext.refresh(AbstractApplicationContext.java:625)
	at org.springframework.boot.web.servlet.context.ServletWebServerApplicationContext.refresh(ServletWebServerApplicationContext.java:146)
	at org.springframework.boot.SpringApplication.refresh(SpringApplication.java:754)
	at org.springframework.boot.SpringApplication.refreshContext(SpringApplication.java:456)
	at org.springframework.boot.SpringApplication.run(SpringApplication.java:335)
	at org.springframework.boot.SpringApplication.run(SpringApplication.java:1363)
	at org.springframework.boot.SpringApplication.run(SpringApplication.java:1352)
	at amadda_back.amadda_back.AmaddaBackApplication.main(AmaddaBackApplication.java:11)
	at java.base/jdk.internal.reflect.NativeMethodAccessorImpl.invoke0(Native Method)
	at java.base/jdk.internal.reflect.NativeMethodAccessorImpl.invoke(NativeMethodAccessorImpl.java:77)
	at java.base/jdk.internal.reflect.DelegatingMethodAccessorImpl.invoke(DelegatingMethodAccessorImpl.java:43)
	at java.base/java.lang.reflect.Method.invoke(Method.java:568)
	at org.springframework.boot.devtools.restart.RestartLauncher.run(RestartLauncher.java:50)
Caused by: org.springframework.beans.factory.UnsatisfiedDependencyException: Error creating bean with name 'postService': Unsatisfied dependency expressed through field 'purchaseDAO': Error creating bean with name 'purchaseDAO' defined in amadda_back.amadda_back.View.dao.PurchaseDAO defined in @EnableJpaRepositories declared on JpaRepositoriesRegistrar.EnableJpaRepositoriesConfiguration: Could not create query for public abstract java.util.List amadda_back.amadda_back.View.dao.PurchaseDAO.findByUserId(java.lang.Integer); Reason: Failed to create query for method public abstract java.util.List amadda_back.amadda_back.View.dao.PurchaseDAO.findByUserId(java.lang.Integer); No property 'id' found for type 'UserEntity'; Traversed path: PurchaseEntity.user
	at org.springframework.beans.factory.annotation.AutowiredAnnotationBeanPostProcessor$AutowiredFieldElement.resolveFieldValue(AutowiredAnnotationBeanPostProcessor.java:788)
	at org.springframework.beans.factory.annotation.AutowiredAnnotationBeanPostProcessor$AutowiredFieldElement.inject(AutowiredAnnotationBeanPostProcessor.java:768)
	at org.springframework.beans.factory.annotation.InjectionMetadata.inject(InjectionMetadata.java:145)
	at org.springframework.beans.factory.annotation.AutowiredAnnotationBeanPostProcessor.postProcessProperties(AutowiredAnnotationBeanPostProcessor.java:509)
	at org.springframework.beans.factory.support.AbstractAutowireCapableBeanFactory.populateBean(AbstractAutowireCapableBeanFactory.java:1439)
	at org.springframework.beans.factory.support.AbstractAutowireCapableBeanFactory.doCreateBean(AbstractAutowireCapableBeanFactory.java:599)
	at org.springframework.beans.factory.support.AbstractAutowireCapableBeanFactory.createBean(AbstractAutowireCapableBeanFactory.java:522)
	at org.springframework.beans.factory.support.AbstractBeanFactory.lambda$doGetBean$0(AbstractBeanFactory.java:337)
	at org.springframework.beans.factory.support.DefaultSingletonBeanRegistry.getSingleton(DefaultSingletonBeanRegistry.java:234)
	at org.springframework.beans.factory.support.AbstractBeanFactory.doGetBean(AbstractBeanFactory.java:335)
	at org.springframework.beans.factory.support.AbstractBeanFactory.getBean(AbstractBeanFactory.java:200)
	at org.springframework.beans.factory.config.DependencyDescriptor.resolveCandidate(DependencyDescriptor.java:254)
	at org.springframework.beans.factory.support.DefaultListableBeanFactory.doResolveDependency(DefaultListableBeanFactory.java:1443)
	at org.springframework.beans.factory.support.DefaultListableBeanFactory.resolveDependency(DefaultListableBeanFactory.java:1353)
	at org.springframework.beans.factory.support.ConstructorResolver.resolveAutowiredArgument(ConstructorResolver.java:904)
	at org.springframework.beans.factory.support.ConstructorResolver.createArgumentArray(ConstructorResolver.java:782)
	... 24 common frames omitted
Caused by: org.springframework.beans.factory.BeanCreationException: Error creating bean with name 'purchaseDAO' defined in amadda_back.amadda_back.View.dao.PurchaseDAO defined in @EnableJpaRepositories declared on JpaRepositoriesRegistrar.EnableJpaRepositoriesConfiguration: Could not create query for public abstract java.util.List amadda_back.amadda_back.View.dao.PurchaseDAO.findByUserId(java.lang.Integer); Reason: Failed to create query for method public abstract java.util.List amadda_back.amadda_back.View.dao.PurchaseDAO.findByUserId(java.lang.Integer); No property 'id' found for type 'UserEntity'; Traversed path: PurchaseEntity.user
	at org.springframework.beans.factory.support.AbstractAutowireCapableBeanFactory.initializeBean(AbstractAutowireCapableBeanFactory.java:1806)
	at org.springframework.beans.factory.support.AbstractAutowireCapableBeanFactory.doCreateBean(AbstractAutowireCapableBeanFactory.java:600)
	at org.springframework.beans.factory.support.AbstractAutowireCapableBeanFactory.createBean(AbstractAutowireCapableBeanFactory.java:522)
	at org.springframework.beans.factory.support.AbstractBeanFactory.lambda$doGetBean$0(AbstractBeanFactory.java:337)
	at org.springframework.beans.factory.support.DefaultSingletonBeanRegistry.getSingleton(DefaultSingletonBeanRegistry.java:234)
	at org.springframework.beans.factory.support.AbstractBeanFactory.doGetBean(AbstractBeanFactory.java:335)
	at org.springframework.beans.factory.support.AbstractBeanFactory.getBean(AbstractBeanFactory.java:200)
	at org.springframework.beans.factory.config.DependencyDescriptor.resolveCandidate(DependencyDescriptor.java:254)
	at org.springframework.beans.factory.support.DefaultListableBeanFactory.doResolveDependency(DefaultListableBeanFactory.java:1443)
	at org.springframework.beans.factory.support.DefaultListableBeanFactory.resolveDependency(DefaultListableBeanFactory.java:1353)
	at org.springframework.beans.factory.annotation.AutowiredAnnotationBeanPostProcessor$AutowiredFieldElement.resolveFieldValue(AutowiredAnnotationBeanPostProcessor.java:785)
	... 39 common frames omitted
Caused by: org.springframework.data.repository.query.QueryCreationException: Could not create query for public abstract java.util.List amadda_back.amadda_back.View.dao.PurchaseDAO.findByUserId(java.lang.Integer); Reason: Failed to create query for method public abstract java.util.List amadda_back.amadda_back.View.dao.PurchaseDAO.findByUserId(java.lang.Integer); No property 'id' found for type 'UserEntity'; Traversed path: PurchaseEntity.user
	at org.springframework.data.repository.query.QueryCreationException.create(QueryCreationException.java:101)
	at org.springframework.data.repository.core.support.QueryExecutorMethodInterceptor.lookupQuery(QueryExecutorMethodInterceptor.java:119)
	at org.springframework.data.repository.core.support.QueryExecutorMethodInterceptor.mapMethodsToQuery(QueryExecutorMethodInterceptor.java:103)
	at org.springframework.data.repository.core.support.QueryExecutorMethodInterceptor.lambda$new$0(QueryExecutorMethodInterceptor.java:92)
	at java.base/java.util.Optional.map(Optional.java:260)
	at org.springframework.data.repository.core.support.QueryExecutorMethodInterceptor.<init>(QueryExecutorMethodInterceptor.java:92)
	at org.springframework.data.repository.core.support.RepositoryFactorySupport.getRepository(RepositoryFactorySupport.java:357)
	at org.springframework.data.repository.core.support.RepositoryFactoryBeanSupport.lambda$afterPropertiesSet$5(RepositoryFactoryBeanSupport.java:286)
	at org.springframework.data.util.Lazy.getNullable(Lazy.java:135)
	at org.springframework.data.util.Lazy.get(Lazy.java:113)
	at org.springframework.data.repository.core.support.RepositoryFactoryBeanSupport.afterPropertiesSet(RepositoryFactoryBeanSupport.java:292)
	at org.springframework.data.jpa.repository.support.JpaRepositoryFactoryBean.afterPropertiesSet(JpaRepositoryFactoryBean.java:132)
	at org.springframework.beans.factory.support.AbstractAutowireCapableBeanFactory.invokeInitMethods(AbstractAutowireCapableBeanFactory.java:1853)
	at org.springframework.beans.factory.support.AbstractAutowireCapableBeanFactory.initializeBean(AbstractAutowireCapableBeanFactory.java:1802)
	... 49 common frames omitted
Caused by: java.lang.IllegalArgumentException: Failed to create query for method public abstract java.util.List amadda_back.amadda_back.View.dao.PurchaseDAO.findByUserId(java.lang.Integer); No property 'id' found for type 'UserEntity'; Traversed path: PurchaseEntity.user
	at org.springframework.data.jpa.repository.query.PartTreeJpaQuery.<init>(PartTreeJpaQuery.java:107)
	at org.springframework.data.jpa.repository.query.JpaQueryLookupStrategy$CreateQueryLookupStrategy.resolveQuery(JpaQueryLookupStrategy.java:124)
	at org.springframework.data.jpa.repository.query.JpaQueryLookupStrategy$CreateIfNotFoundQueryLookupStrategy.resolveQuery(JpaQueryLookupStrategy.java:258)
	at org.springframework.data.jpa.repository.query.JpaQueryLookupStrategy$AbstractQueryLookupStrategy.resolveQuery(JpaQueryLookupStrategy.java:95)
	at org.springframework.data.repository.core.support.QueryExecutorMethodInterceptor.lookupQuery(QueryExecutorMethodInterceptor.java:115)
	... 61 common frames omitted
Caused by: org.springframework.data.mapping.PropertyReferenceException: No property 'id' found for type 'UserEntity'; Traversed path: PurchaseEntity.user
	at org.springframework.data.mapping.PropertyPath.<init>(PropertyPath.java:90)
	at org.springframework.data.mapping.PropertyPath.create(PropertyPath.java:443)
	at org.springframework.data.mapping.PropertyPath.create(PropertyPath.java:419)
	at org.springframework.data.mapping.PropertyPath.create(PropertyPath.java:453)
	at org.springframework.data.mapping.PropertyPath.create(PropertyPath.java:476)
	at org.springframework.data.mapping.PropertyPath.create(PropertyPath.java:419)
	at org.springframework.data.mapping.PropertyPath.lambda$from$0(PropertyPath.java:372)
	at java.base/java.util.concurrent.ConcurrentMap.computeIfAbsent(ConcurrentMap.java:330)
	at org.springframework.data.mapping.PropertyPath.from(PropertyPath.java:354)
	at org.springframework.data.mapping.PropertyPath.from(PropertyPath.java:332)
	at org.springframework.data.repository.query.parser.Part.<init>(Part.java:81)
	at org.springframework.data.repository.query.parser.PartTree$OrPart.lambda$new$0(PartTree.java:259)
	at java.base/java.util.stream.ReferencePipeline$3$1.accept(ReferencePipeline.java:197)
	at java.base/java.util.stream.ReferencePipeline$2$1.accept(ReferencePipeline.java:179)
	at java.base/java.util.Spliterators$ArraySpliterator.forEachRemaining(Spliterators.java:992)
	at java.base/java.util.stream.AbstractPipeline.copyInto(AbstractPipeline.java:509)
	at java.base/java.util.stream.AbstractPipeline.wrapAndCopyInto(AbstractPipeline.java:499)
	at java.base/java.util.stream.ReduceOps$ReduceOp.evaluateSequential(ReduceOps.java:921)
	at java.base/java.util.stream.AbstractPipeline.evaluate(AbstractPipeline.java:234)
	at java.base/java.util.stream.ReferencePipeline.collect(ReferencePipeline.java:682)
	at org.springframework.data.repository.query.parser.PartTree$OrPart.<init>(PartTree.java:260)
	at org.springframework.data.repository.query.parser.PartTree$Predicate.lambda$new$0(PartTree.java:389)
	at java.base/java.util.stream.ReferencePipeline$3$1.accept(ReferencePipeline.java:197)
	at java.base/java.util.stream.ReferencePipeline$2$1.accept(ReferencePipeline.java:179)
	at java.base/java.util.Spliterators$ArraySpliterator.forEachRemaining(Spliterators.java:992)
	at java.base/java.util.stream.AbstractPipeline.copyInto(AbstractPipeline.java:509)
	at java.base/java.util.stream.AbstractPipeline.wrapAndCopyInto(AbstractPipeline.java:499)
	at java.base/java.util.stream.ReduceOps$ReduceOp.evaluateSequential(ReduceOps.java:921)
	at java.base/java.util.stream.AbstractPipeline.evaluate(AbstractPipeline.java:234)
	at java.base/java.util.stream.ReferencePipeline.collect(ReferencePipeline.java:682)
	at org.springframework.data.repository.query.parser.PartTree$Predicate.<init>(PartTree.java:390)
	at org.springframework.data.repository.query.parser.PartTree.<init>(PartTree.java:103)
	at org.springframework.data.jpa.repository.query.PartTreeJpaQuery.<init>(PartTreeJpaQuery.java:101)
	... 65 common frames omitted
2024-11-19 23:55:04 - Starting AmaddaBackApplication using Java 17.0.11 with PID 27220 (C:\Users\82103\AMADDA-PROJECT3\AMADDA-PROJECT-BACK\build\classes\java\main started by 82103 in C:\Users\82103\AMADDA-PROJECT3\AMADDA-PROJECT-BACK)
2024-11-19 23:55:04 - No active profile set, falling back to 1 default profile: "default"
2024-11-19 23:55:05 - The Class-Path manifest attribute in C:\Users\82103\.gradle\caches\modules-2\files-2.1\org.glassfish.jaxb\jaxb-core\2.3.0\b40bc6ae4bc14480204e143377ce6f75ebba5066\jaxb-core-2.3.0.jar referenced one or more files that do not exist: file:/C:/Users/82103/.gradle/caches/modules-2/files-2.1/org.glassfish.jaxb/jaxb-core/2.3.0/b40bc6ae4bc14480204e143377ce6f75ebba5066/jaxb-api-2.3.0.jar,file:/C:/Users/82103/.gradle/caches/modules-2/files-2.1/org.glassfish.jaxb/jaxb-core/2.3.0/b40bc6ae4bc14480204e143377ce6f75ebba5066/txw2-2.3.0.jar,file:/C:/Users/82103/.gradle/caches/modules-2/files-2.1/org.glassfish.jaxb/jaxb-core/2.3.0/b40bc6ae4bc14480204e143377ce6f75ebba5066/istack-commons-runtime-3.0.5.jar
2024-11-19 23:55:05 - Devtools property defaults active! Set 'spring.devtools.add-properties' to 'false' to disable
2024-11-19 23:55:05 - For additional web related logging consider setting the 'logging.level.web' property to 'DEBUG'
2024-11-19 23:55:16 - Bootstrapping Spring Data JPA repositories in DEFAULT mode.
2024-11-19 23:55:17 - Finished Spring Data repository scanning in 1199 ms. Found 22 JPA repository interfaces.
2024-11-19 23:55:20 - Tomcat initialized with port 7777 (http)
2024-11-19 23:55:20 - Starting service [Tomcat]
2024-11-19 23:55:20 - Starting Servlet engine: [Apache Tomcat/10.1.28]
2024-11-19 23:55:20 - Initializing Spring embedded WebApplicationContext
2024-11-19 23:55:20 - Root WebApplicationContext: initialization completed in 15557 ms
2024-11-19 23:55:21 - HHH000204: Processing PersistenceUnitInfo [name: default]
2024-11-19 23:55:22 - HHH000412: Hibernate ORM core version 6.4.10.Final
2024-11-19 23:55:22 - HHH000026: Second-level cache disabled
2024-11-19 23:55:23 - No LoadTimeWeaver setup: ignoring JPA class transformer
2024-11-19 23:55:23 - HikariPool-1 - Starting...
2024-11-19 23:55:24 - HikariPool-1 - Added connection com.mysql.cj.jdbc.ConnectionImpl@2a4f3350
2024-11-19 23:55:24 - HikariPool-1 - Start completed.
2024-11-19 23:55:24 - HHH90000025: MySQLDialect does not need to be specified explicitly using 'hibernate.dialect' (remove the property setting and it will be selected by default)
2024-11-19 23:55:30 - HHH000489: No JTA platform available (set 'hibernate.transaction.jta.platform' to enable JTA platform integration)
2024-11-19 23:55:30 - GenerationTarget encountered exception accepting command : Error executing DDL "
    alter table post 
       modify column user_id varchar(255)" via JDBC [Referencing column 'user_id' and referenced column 'user_id' in foreign key constraint 'post_ibfk_2' are incompatible.]
org.hibernate.tool.schema.spi.CommandAcceptanceException: Error executing DDL "
    alter table post 
       modify column user_id varchar(255)" via JDBC [Referencing column 'user_id' and referenced column 'user_id' in foreign key constraint 'post_ibfk_2' are incompatible.]
	at org.hibernate.tool.schema.internal.exec.GenerationTargetToDatabase.accept(GenerationTargetToDatabase.java:94)
	at org.hibernate.tool.schema.internal.AbstractSchemaMigrator.applySqlString(AbstractSchemaMigrator.java:574)
	at org.hibernate.tool.schema.internal.AbstractSchemaMigrator.applySqlStrings(AbstractSchemaMigrator.java:514)
	at org.hibernate.tool.schema.internal.AbstractSchemaMigrator.migrateTable(AbstractSchemaMigrator.java:333)
	at org.hibernate.tool.schema.internal.GroupedSchemaMigratorImpl.performTablesMigration(GroupedSchemaMigratorImpl.java:84)
	at org.hibernate.tool.schema.internal.AbstractSchemaMigrator.performMigration(AbstractSchemaMigrator.java:232)
	at org.hibernate.tool.schema.internal.AbstractSchemaMigrator.doMigration(AbstractSchemaMigrator.java:117)
	at org.hibernate.tool.schema.spi.SchemaManagementToolCoordinator.performDatabaseAction(SchemaManagementToolCoordinator.java:280)
	at org.hibernate.tool.schema.spi.SchemaManagementToolCoordinator.lambda$process$5(SchemaManagementToolCoordinator.java:144)
	at java.base/java.util.HashMap.forEach(HashMap.java:1421)
	at org.hibernate.tool.schema.spi.SchemaManagementToolCoordinator.process(SchemaManagementToolCoordinator.java:141)
	at org.hibernate.boot.internal.SessionFactoryObserverForSchemaExport.sessionFactoryCreated(SessionFactoryObserverForSchemaExport.java:37)
	at org.hibernate.internal.SessionFactoryObserverChain.sessionFactoryCreated(SessionFactoryObserverChain.java:35)
	at org.hibernate.internal.SessionFactoryImpl.<init>(SessionFactoryImpl.java:315)
	at org.hibernate.boot.internal.SessionFactoryBuilderImpl.build(SessionFactoryBuilderImpl.java:450)
	at org.hibernate.jpa.boot.internal.EntityManagerFactoryBuilderImpl.build(EntityManagerFactoryBuilderImpl.java:1507)
	at org.springframework.orm.jpa.vendor.SpringHibernateJpaPersistenceProvider.createContainerEntityManagerFactory(SpringHibernateJpaPersistenceProvider.java:75)
	at org.springframework.orm.jpa.LocalContainerEntityManagerFactoryBean.createNativeEntityManagerFactory(LocalContainerEntityManagerFactoryBean.java:390)
	at org.springframework.orm.jpa.AbstractEntityManagerFactoryBean.buildNativeEntityManagerFactory(AbstractEntityManagerFactoryBean.java:409)
	at org.springframework.orm.jpa.AbstractEntityManagerFactoryBean.afterPropertiesSet(AbstractEntityManagerFactoryBean.java:396)
	at org.springframework.orm.jpa.LocalContainerEntityManagerFactoryBean.afterPropertiesSet(LocalContainerEntityManagerFactoryBean.java:366)
	at org.springframework.beans.factory.support.AbstractAutowireCapableBeanFactory.invokeInitMethods(AbstractAutowireCapableBeanFactory.java:1853)
	at org.springframework.beans.factory.support.AbstractAutowireCapableBeanFactory.initializeBean(AbstractAutowireCapableBeanFactory.java:1802)
	at org.springframework.beans.factory.support.AbstractAutowireCapableBeanFactory.doCreateBean(AbstractAutowireCapableBeanFactory.java:600)
	at org.springframework.beans.factory.support.AbstractAutowireCapableBeanFactory.createBean(AbstractAutowireCapableBeanFactory.java:522)
	at org.springframework.beans.factory.support.AbstractBeanFactory.lambda$doGetBean$0(AbstractBeanFactory.java:337)
	at org.springframework.beans.factory.support.DefaultSingletonBeanRegistry.getSingleton(DefaultSingletonBeanRegistry.java:234)
	at org.springframework.beans.factory.support.AbstractBeanFactory.doGetBean(AbstractBeanFactory.java:335)
	at org.springframework.beans.factory.support.AbstractBeanFactory.getBean(AbstractBeanFactory.java:205)
	at org.springframework.context.support.AbstractApplicationContext.finishBeanFactoryInitialization(AbstractApplicationContext.java:954)
	at org.springframework.context.support.AbstractApplicationContext.refresh(AbstractApplicationContext.java:625)
	at org.springframework.boot.web.servlet.context.ServletWebServerApplicationContext.refresh(ServletWebServerApplicationContext.java:146)
	at org.springframework.boot.SpringApplication.refresh(SpringApplication.java:754)
	at org.springframework.boot.SpringApplication.refreshContext(SpringApplication.java:456)
	at org.springframework.boot.SpringApplication.run(SpringApplication.java:335)
	at org.springframework.boot.SpringApplication.run(SpringApplication.java:1363)
	at org.springframework.boot.SpringApplication.run(SpringApplication.java:1352)
	at amadda_back.amadda_back.AmaddaBackApplication.main(AmaddaBackApplication.java:11)
	at java.base/jdk.internal.reflect.NativeMethodAccessorImpl.invoke0(Native Method)
	at java.base/jdk.internal.reflect.NativeMethodAccessorImpl.invoke(NativeMethodAccessorImpl.java:77)
	at java.base/jdk.internal.reflect.DelegatingMethodAccessorImpl.invoke(DelegatingMethodAccessorImpl.java:43)
	at java.base/java.lang.reflect.Method.invoke(Method.java:568)
	at org.springframework.boot.devtools.restart.RestartLauncher.run(RestartLauncher.java:50)
Caused by: java.sql.SQLException: Referencing column 'user_id' and referenced column 'user_id' in foreign key constraint 'post_ibfk_2' are incompatible.
	at com.mysql.cj.jdbc.exceptions.SQLError.createSQLException(SQLError.java:130)
	at com.mysql.cj.jdbc.exceptions.SQLExceptionsMapping.translateException(SQLExceptionsMapping.java:122)
	at com.mysql.cj.jdbc.StatementImpl.executeInternal(StatementImpl.java:770)
	at com.mysql.cj.jdbc.StatementImpl.execute(StatementImpl.java:653)
	at com.zaxxer.hikari.pool.ProxyStatement.execute(ProxyStatement.java:94)
	at com.zaxxer.hikari.pool.HikariProxyStatement.execute(HikariProxyStatement.java)
	at org.hibernate.tool.schema.internal.exec.GenerationTargetToDatabase.accept(GenerationTargetToDatabase.java:80)
	... 42 common frames omitted
2024-11-19 23:55:31 - Initialized JPA EntityManagerFactory for persistence unit 'default'
2024-11-19 23:55:33 - Hibernate is in classpath; If applicable, HQL parser will be used.
2024-11-19 23:55:38 - spring.jpa.open-in-view is enabled by default. Therefore, database queries may be performed during view rendering. Explicitly configure spring.jpa.open-in-view to disable this warning
2024-11-19 23:55:38 - 

Using generated security password: 2870c4a7-53c0-4f30-94c8-0a9bad2975b0

This generated password is for development use only. Your security configuration must be updated before running your application in production.

2024-11-19 23:55:40 - Will secure any request with [org.springframework.security.web.session.DisableEncodeUrlFilter@6f0ce7bd, org.springframework.security.web.context.request.async.WebAsyncManagerIntegrationFilter@73ac694d, org.springframework.security.web.context.SecurityContextHolderFilter@509692b, org.springframework.security.web.header.HeaderWriterFilter@58cf04b0, org.springframework.web.filter.CorsFilter@5c0bca78, org.springframework.security.web.authentication.logout.LogoutFilter@2225ce55, org.springframework.security.web.savedrequest.RequestCacheAwareFilter@7c7046ad, org.springframework.security.web.servletapi.SecurityContextHolderAwareRequestFilter@1de384df, org.springframework.security.web.authentication.AnonymousAuthenticationFilter@48aada97, org.springframework.security.web.access.ExceptionTranslationFilter@787690c8, org.springframework.security.web.access.intercept.FilterSecurityInterceptor@64b6f40a]
2024-11-19 23:55:41 - Cannot find template location: classpath:/templates/ (please add some templates, check your Thymeleaf configuration, or set spring.thymeleaf.check-template-location=false)
2024-11-19 23:55:42 - LiveReload server is running on port 35729
2024-11-19 23:55:42 - Tomcat started on port 7777 (http) with context path ''
2024-11-19 23:55:42 - Started AmaddaBackApplication in 41.462 seconds (process running for 44.277)
2024-11-19 23:55:57 - Initializing Spring DispatcherServlet 'dispatcherServlet'
2024-11-19 23:55:57 - Initializing Servlet 'dispatcherServlet'
2024-11-19 23:55:57 - Completed initialization in 3 ms
